v 0.6 0.04891622 25.6
v 25.6 0.04891622 25.6
v 25.6 0.04891622 0.6
v 0.6 0.04891622 0.6
v 25.6 0.04891622 25.6
v 51.2 0.04891622 25.6
v 51.2 0.04891622 0.6
v 25.6 0.04891622 0.6
v 51.2 0.04891622 25.6
v 76.8 0.04891622 25.6
v 76.8 0.04891622 0.6
v 51.2 0.04891622 0.6
v 76.8 0.04891622 25.6
v 102.4 0.04891622 25.6
v 102.4 0.04891622 0.6
v 76.8 0.04891622 0.6
v 102.4 0.04891622 25.6
v 128 0.04891622 25.6
v 128 0.04891622 0.6
v 102.4 0.04891622 0.6
v 128 0.04891622 25.6
v 153.6 0.04891622 25.6
v 153.6 0.04891622 0.6
v 128 0.04891622 0.6
v 153.6 0.04891622 25.6
v 179.2 0.04891622 25.6
v 179.2 0.04891622 0.6
v 153.6 0.04891622 0.6
v 179.2 0.04891622 25.6
v 204.8 0.04891622 25.6
v 204.8 0.04891622 0.6
v 179.2 0.04891622 0.6
v 204.8 0.04891622 25.6
v 230.4 0.04891622 25.6
v 230.4 0.04891622 0.6
v 204.8 0.04891622 0.6
v 230.4 0.04891622 25.6
v 256 0.04891622 25.6
v 256 0.04891622 0.6
v 230.4 0.04891622 0.6
v 256 0.04891622 25.6
v 281.6 0.04891622 25.6
v 281.6 0.04891622 0.6
v 256 0.04891622 0.6
v 281.6 0.04891622 25.6
v 307.2 0.04891622 25.6
v 307.2 0.04891622 0.6
v 281.6 0.04891622 0.6
v 307.2 0.04891622 25.6
v 332.8 0.04891622 25.6
v 332.8 0.04891622 0.6
v 307.2 0.04891622 0.6
v 332.8 0.04891622 25.6
v 358.4 0.04891622 25.6
v 358.4 0.04891622 0.6
v 332.8 0.04891622 0.6
v 358.4 0.04891622 25.6
v 384 0.04891622 25.6
v 384 0.04891622 0.6
v 358.4 0.04891622 0.6
v 384 0.04891622 25.6
v 409.6 0.04891622 25.6
v 409.6 0.04891622 0.6
v 384 0.04891622 0.6
v 409.6 0.04891622 25.6
v 435.2 0.04891622 25.6
v 435.2 0.04891622 0.6
v 409.6 0.04891622 0.6
v 435.2 0.04891622 25.6
v 460.8 0.04891622 25.6
v 460.8 0.04891622 0.6
v 435.2 0.04891622 0.6
v 460.8 0.04891622 25.6
v 486.4 0.04891622 25.6
v 486.4 0.04891622 0.6
v 460.8 0.04891622 0.6
v 486.4 0.04891622 25.6
v 499.4 0.04891622 25.6
v 499.4 0.04891622 0.6
v 486.4 0.04891622 0.6
v 0.6 0.04891622 51.2
v 25.6 0.04891622 51.2
v 25.6 0.04891622 25.6
v 0.6 0.04891622 25.6
v 25.6 0.04891622 51.2
v 51.2 0.04891622 51.2
v 51.2 0.04891622 25.6
v 25.6 0.04891622 25.6
v 51.2 0.04891622 51.2
v 76.8 0.04891622 51.2
v 76.8 0.04891622 25.6
v 51.2 0.04891622 25.6
v 76.8 0.04891622 51.2
v 102.4 0.04891622 51.2
v 102.4 0.04891622 25.6
v 76.8 0.04891622 25.6
v 102.4 0.04891622 51.2
v 128 0.04891622 51.2
v 128 0.04891622 25.6
v 102.4 0.04891622 25.6
v 128 0.04891622 51.2
v 153.6 0.04891622 51.2
v 153.6 0.04891622 25.6
v 128 0.04891622 25.6
v 153.6 0.04891622 51.2
v 179.2 0.04891622 51.2
v 179.2 0.04891622 25.6
v 153.6 0.04891622 25.6
v 179.2 0.04891622 51.2
v 204.8 0.04891622 51.2
v 204.8 0.04891622 25.6
v 179.2 0.04891622 25.6
v 204.8 0.04891622 51.2
v 230.4 0.04891622 51.2
v 230.4 0.04891622 25.6
v 204.8 0.04891622 25.6
v 230.4 0.04891622 51.2
v 256 0.04891622 51.2
v 256 0.04891622 25.6
v 230.4 0.04891622 25.6
v 256 0.04891622 51.2
v 281.6 0.04891622 51.2
v 281.6 0.04891622 25.6
v 256 0.04891622 25.6
v 281.6 0.04891622 51.2
v 307.2 0.04891622 51.2
v 307.2 0.04891622 25.6
v 281.6 0.04891622 25.6
v 307.2 0.04891622 51.2
v 332.8 0.04891622 51.2
v 332.8 0.04891622 25.6
v 307.2 0.04891622 25.6
v 332.8 0.04891622 51.2
v 358.4 0.04891622 51.2
v 358.4 0.04891622 25.6
v 332.8 0.04891622 25.6
v 358.4 0.04891622 51.2
v 384 0.04891622 51.2
v 384 0.04891622 25.6
v 358.4 0.04891622 25.6
v 384 0.04891622 51.2
v 409.6 0.04891622 51.2
v 409.6 0.04891622 25.6
v 384 0.04891622 25.6
v 409.6 0.04891622 51.2
v 435.2 0.04891622 51.2
v 435.2 0.04891622 25.6
v 409.6 0.04891622 25.6
v 435.2 0.04891622 51.2
v 460.8 0.04891622 51.2
v 460.8 0.04891622 25.6
v 435.2 0.04891622 25.6
v 460.8 0.04891622 51.2
v 486.4 0.04891622 51.2
v 486.4 0.04891622 25.6
v 460.8 0.04891622 25.6
v 486.4 0.04891622 51.2
v 499.4 0.04891622 51.2
v 499.4 0.04891622 25.6
v 486.4 0.04891622 25.6
v 0.6 0.04891622 76.8
v 25.6 0.04891622 76.8
v 25.6 0.04891622 51.2
v 0.6 0.04891622 51.2
v 25.6 0.04891622 76.8
v 51.2 0.04891622 76.8
v 51.2 0.04891622 51.2
v 25.6 0.04891622 51.2
v 51.2 0.04891622 76.8
v 76.8 0.04891622 76.8
v 76.8 0.04891622 51.2
v 51.2 0.04891622 51.2
v 76.8 0.04891622 76.8
v 102.4 0.04891622 76.8
v 102.4 0.04891622 51.2
v 76.8 0.04891622 51.2
v 102.4 0.04891622 76.8
v 128 0.04891622 76.8
v 128 0.04891622 51.2
v 102.4 0.04891622 51.2
v 128 0.04891622 76.8
v 153.6 0.04891622 76.8
v 153.6 0.04891622 51.2
v 128 0.04891622 51.2
v 153.6 0.04891622 76.8
v 179.2 0.04891622 76.8
v 179.2 0.04891622 51.2
v 153.6 0.04891622 51.2
v 179.2 0.04891622 76.8
v 204.8 0.04891622 76.8
v 204.8 0.04891622 51.2
v 179.2 0.04891622 51.2
v 204.8 0.04891622 76.8
v 230.4 0.04891622 76.8
v 230.4 0.04891622 51.2
v 204.8 0.04891622 51.2
v 230.4 0.04891622 76.8
v 256 0.04891622 76.8
v 256 0.04891622 51.2
v 230.4 0.04891622 51.2
v 256 0.04891622 76.8
v 281.6 0.04891622 76.8
v 281.6 0.04891622 51.2
v 256 0.04891622 51.2
v 306 0.04891622 70.4
v 306.6 0.6989162 70.5
v 307.2 0.4489162 70.1
v 307.2 5.748917 71.4
v 307.2 5.748917 71.2
v 307 5.698916 71.2
v 307 5.698916 71.4
v 306.3 0.04891622 73.8
v 306.3 0.04891622 72.9
v 305.4 0.04891622 71.5
v 307.2 0.04891622 76.8
v 307.2 0.04891622 74
v 306.6 0.04891622 74
v 307.2 0.04891622 76.8
v 306.6 0.04891622 74
v 306.3 0.04891622 73.8
v 307.2 0.04891622 76.8
v 306.3 0.04891622 73.8
v 305.4 0.04891622 71.5
v 281.6 0.04891622 76.8
v 306 0.04891622 70.4
v 307.2 0.4489162 70.1
v 307.2 0.04891622 51.2
v 305.5 0.04891622 70.7
v 306 0.04891622 70.4
v 307.2 0.04891622 51.2
v 305.4 0.04891622 71.5
v 305.5 0.04891622 70.7
v 307.2 0.04891622 51.2
v 281.6 0.04891622 51.2
v 281.6 0.04891622 76.8
v 307.2 0.04891622 51.2
v 307.2 0.1489162 69.9
v 307.5 0.04891622 69.9
v 307.2 0.04891622 51.2
v 307.5 0.04891622 69.9
v 308.2 0.04891622 69.9
v 307.2 5.998917 73.8
v 307.2 5.998917 73.9
v 307.5 5.998917 74.2
v 307.9 6.048916 73.8
v 307.2 0.4489162 70.1
v 307.5 0.04891622 69.9
v 307.2 0.1489162 69.9
v 309.1 0.04891622 72.4
v 308.7 0.04891622 72.5
v 308.5 0.04891622 72.8
v 308.5 0.04891622 72.8
v 307.5 0.04891622 72.9
v 307.6 0.04891622 73.6
v 308.5 0.04891622 72.8
v 307.6 0.04891622 73.6
v 307.2 0.04891622 74
v 307.2 0.04891622 76.8
v 309.1 0.04891622 72.4
v 307.5 5.698916 71.2
v 307.2 5.748917 71.2
v 307.2 5.748917 71.4
v 307.7 5.498917 71.8
v 308 5.398916 71.8
v 309.4 0.04891622 71.9
v 309.1 0.04891622 72.4
v 307.2 0.04891622 76.8
v 332.8 0.04891622 76.8
v 307.2 0.04891622 51.2
v 308.2 0.04891622 69.9
v 308.8 0.04891622 70.3
v 307.2 0.04891622 51.2
v 308.8 0.04891622 70.3
v 309.4 0.04891622 71.4
v 332.8 0.04891622 76.8
v 332.8 0.04891622 51.2
v 309.4 0.04891622 71.4
v 309.4 0.04891622 71.9
v 332.8 0.04891622 76.8
v 332.8 0.04891622 76.8
v 358.4 0.04891622 76.8
v 358.4 0.04891622 51.2
v 332.8 0.04891622 51.2
v 358.4 0.04891622 76.8
v 384 0.04891622 76.8
v 384 0.04891622 51.2
v 358.4 0.04891622 51.2
v 384 0.04891622 76.8
v 409.6 0.04891622 76.8
v 409.6 0.04891622 51.2
v 384 0.04891622 51.2
v 409.6 0.04891622 76.8
v 435.2 0.04891622 76.8
v 435.2 0.04891622 51.2
v 409.6 0.04891622 51.2
v 435.2 0.04891622 76.8
v 460.8 0.04891622 76.8
v 460.8 0.04891622 51.2
v 435.2 0.04891622 51.2
v 460.8 0.04891622 76.8
v 486.4 0.04891622 76.8
v 486.4 0.04891622 51.2
v 460.8 0.04891622 51.2
v 486.4 0.04891622 76.8
v 499.4 0.04891622 76.8
v 499.4 0.04891622 51.2
v 486.4 0.04891622 51.2
v 0.6 0.04891622 102.4
v 25.6 0.04891622 102.4
v 25.6 0.04891622 76.8
v 0.6 0.04891622 76.8
v 25.6 0.04891622 102.4
v 51.2 0.04891622 102.4
v 51.2 0.04891622 76.8
v 25.6 0.04891622 76.8
v 51.2 0.04891622 102.4
v 76.8 0.04891622 102.4
v 76.8 0.04891622 76.8
v 51.2 0.04891622 76.8
v 76.8 0.04891622 102.4
v 102.4 0.04891622 102.4
v 102.4 0.04891622 76.8
v 76.8 0.04891622 76.8
v 102.4 0.04891622 102.4
v 128 0.04891622 102.4
v 128 0.04891622 76.8
v 102.4 0.04891622 76.8
v 128 0.04891622 102.4
v 153.6 0.04891622 102.4
v 153.6 0.04891622 76.8
v 128 0.04891622 76.8
v 153.6 0.04891622 102.4
v 179.2 0.04891622 102.4
v 179.2 0.04891622 76.8
v 153.6 0.04891622 76.8
v 179.2 0.04891622 102.4
v 204.8 0.04891622 102.4
v 204.8 0.04891622 76.8
v 179.2 0.04891622 76.8
v 204.8 0.04891622 102.4
v 230.4 0.04891622 102.4
v 230.4 0.04891622 76.8
v 204.8 0.04891622 76.8
v 230.4 0.04891622 102.4
v 248.3 0.04891622 98.2
v 248.5 0.04891622 96.7
v 249.3 0.04891622 95.7
v 249.7 0.04891622 95.7
v 256 0.04891622 76.8
v 250.4 5.798916 99.60001
v 250.4 5.748917 99.8
v 250.9 5.698916 100
v 251.2 5.698916 99.9
v 251.3 6.048916 99.4
v 249.3 0.04891622 99
v 249.3 0.04891622 98.8
v 248.6 0.04891622 98.60001
v 250 0.04891622 100.1
v 249.8 0.04891622 99.3
v 249.3 0.04891622 99
v 248.6 0.04891622 98.60001
v 250.2 5.998917 98.8
v 249.8 5.648916 98.8
v 249.8 5.748917 99.10001
v 249.8 5.648916 98.8
v 250.2 5.998917 98.8
v 249.8 5.648916 98.60001
v 256 0.04891622 102.4
v 251.6 0.04891622 101
v 251.2 0.04891622 101
v 256 0.04891622 76.8
v 249.7 0.04891622 95.7
v 251.4 0.04891622 96.2
v 250.5 6.148916 98.8
v 250.2 5.998917 98.8
v 249.8 5.748917 99.10001
v 250.5 6.148916 98.8
v 249.8 5.748917 99.10001
v 250.4 5.798916 99.60001
v 251.3 6.048916 99.4
v 251.9 6.348917 98.8
v 249.7 0.04891622 95.7
v 250.3 0.04891622 96.2
v 250.9 0.04891622 96.2
v 249.7 0.04891622 95.7
v 250.9 0.04891622 96.2
v 251.4 0.04891622 96.2
v 252.1 6.248917 98.2
v 252.9 5.648916 98.10001
v 253.2 5.548916 97.7
v 252.8 5.348916 96.9
v 252 5.698916 97.3
v 251.4 6.398916 97.8
v 230.4 0.04891622 102.4
v 248.6 0.04891622 98.60001
v 248.3 0.04891622 98.2
v 230.4 0.04891622 102.4
v 248.5 0.04891622 96.7
v 248.8 0.04891622 96.10001
v 256 0.04891622 76.8
v 251.4 0.04891622 96.2
v 251.8 0.04891622 96.5
v 230.4 0.04891622 102.4
v 251.2 0.04891622 101
v 250.5 0.04891622 100.7
v 230.4 0.04891622 102.4
v 256 0.04891622 102.4
v 251.2 0.04891622 101
v 248.8 0.04891622 96.10001
v 249.3 0.04891622 95.7
v 256 0.04891622 76.8
v 230.4 0.04891622 76.8
v 230.4 0.04891622 102.4
v 252 5.698916 97.3
v 251.5 6.048916 97.5
v 251.4 6.398916 97.8
v 251.4 6.398916 97.8
v 250.9 6.348917 97.9
v 250.9 6.398916 98.4
v 251.9 6.348917 98.8
v 252.1 6.248917 98.2
v 252.8 5.348916 96.9
v 252.3 5.498917 96.9
v 252 5.698916 97.3
v 250.9 6.398916 98.4
v 250.5 6.148916 98.8
v 251.9 6.348917 98.8
v 250.5 0.04891622 100.7
v 250 0.04891622 100.1
v 248.6 0.04891622 98.60001
v 230.4 0.04891622 102.4
v 251.8 0.04891622 96.5
v 251.9 0.04891622 96.9
v 252.4 0.04891622 97.2
v 252.7 0.04891622 98.60001
v 252.3 0.04891622 99
v 252.6 0.04891622 100.2
v 256 0.04891622 102.4
v 252.6 0.04891622 100.2
v 251.6 0.04891622 101
v 256 0.04891622 102.4
v 256 0.04891622 76.8
v 251.8 0.04891622 96.5
v 252.4 0.04891622 97.2
v 252.7 0.04891622 98
v 252.7 0.04891622 98.60001
v 256 0.04891622 102.4
v 252.4 0.04891622 97.2
v 252.7 0.04891622 98
v 256 0.04891622 102.4
v 256 0.04891622 76.8
v 256 0.04891622 102.4
v 281.6 0.04891622 102.4
v 281.6 0.04891622 76.8
v 256 0.04891622 76.8
v 281.6 0.04891622 102.4
v 307.2 0.04891622 102.4
v 307.2 0.04891622 76.8
v 281.6 0.04891622 76.8
v 307.2 0.04891622 102.4
v 332.8 0.04891622 102.4
v 332.8 0.04891622 76.8
v 307.2 0.04891622 76.8
v 332.8 0.04891622 102.4
v 358.4 0.04891622 102.4
v 358.4 0.04891622 76.8
v 332.8 0.04891622 76.8
v 358.4 0.04891622 102.4
v 384 0.04891622 102.4
v 384 0.04891622 76.8
v 358.4 0.04891622 76.8
v 384 0.04891622 102.4
v 409.6 0.04891622 102.4
v 409.6 0.04891622 76.8
v 384 0.04891622 76.8
v 409.6 0.04891622 102.4
v 435.2 0.04891622 102.4
v 435.2 0.04891622 76.8
v 409.6 0.04891622 76.8
v 435.2 0.04891622 102.4
v 460.8 0.04891622 102.4
v 460.8 0.04891622 76.8
v 435.2 0.04891622 76.8
v 460.8 0.04891622 102.4
v 486.4 0.04891622 102.4
v 486.4 0.04891622 76.8
v 460.8 0.04891622 76.8
v 486.4 0.04891622 102.4
v 499.4 0.04891622 102.4
v 499.4 0.04891622 76.8
v 486.4 0.04891622 76.8
v 0.6 0.04891622 128
v 25.6 0.04891622 128
v 25.6 0.04891622 102.4
v 0.6 0.04891622 102.4
v 25.6 0.04891622 128
v 51.2 0.04891622 128
v 51.2 0.04891622 102.4
v 25.6 0.04891622 102.4
v 51.2 0.04891622 128
v 76.8 0.04891622 128
v 76.8 0.04891622 102.4
v 51.2 0.04891622 102.4
v 76.8 0.04891622 128
v 102.4 0.04891622 128
v 102.4 0.04891622 102.4
v 76.8 0.04891622 102.4
v 102.4 0.04891622 128
v 128 0.04891622 128
v 128 0.04891622 102.4
v 102.4 0.04891622 102.4
v 128 0.04891622 128
v 153.6 0.04891622 128
v 153.6 0.04891622 102.4
v 128 0.04891622 102.4
v 163.8 5.298916 119
v 163.7 5.398916 118.7
v 163.5 5.548916 118.7
v 162.6 5.898916 118.9
v 162.7 5.648916 119.5
v 163.2 5.498917 119.7
v 153.6 0.04891622 102.4
v 162 0.04891622 115
v 163.3 0.04891622 115
v 160.8 0.04891622 115.4
v 161.2 0.04891622 115.1
v 153.6 0.04891622 102.4
v 160.9 0.04891622 119.7
v 160.3 0.04891622 119.7
v 153.6 0.04891622 128
v 153.6 0.04891622 128
v 159.5 0.04891622 118.1
v 160.8 0.04891622 115.4
v 153.6 0.04891622 102.4
v 153.6 0.04891622 128
v 159.4 0.04891622 118.9
v 159.5 0.04891622 118.1
v 161.6 0.04891622 119.5
v 161.2 0.04891622 119.5
v 160.9 0.04891622 119.7
v 153.6 0.04891622 128
v 160.3 0.04891622 119.7
v 159.4 0.04891622 118.9
v 161.2 0.04891622 115.1
v 162 0.04891622 115
v 153.6 0.04891622 102.4
v 161.2 0.04891622 119.5
v 161.6 0.04891622 119.5
v 161.3 0.04891622 119.3
v 162.3 0.04891622 119.5
v 161.6 0.04891622 119.5
v 160.9 0.04891622 119.7
v 159.5 0.04891622 118.1
v 160.7 0.04891622 116.5
v 160.8 0.04891622 115.4
v 163.5 5.548916 118.7
v 162.3 6.348917 118.7
v 162.6 5.898916 118.9
v 161.3 6.098916 117.3
v 161.4 5.748917 116.9
v 160.9 5.648916 116.8
v 160.4 5.848916 117.7
v 160.4 5.848916 117.7
v 161.7 6.348917 117.7
v 161.3 6.098916 117.3
v 160.4 5.848916 117.7
v 160.4 5.798916 118.4
v 160.7 5.798916 118.4
v 160.4 5.848916 117.7
v 160.7 5.798916 118.4
v 161 6.098916 118.4
v 161.7 6.348917 117.7
v 163.2 5.698916 118.4
v 162.3 6.398916 117.7
v 162 6.398916 117.7
v 161 6.098916 118.4
v 162 6.398916 117.7
v 161.7 6.348917 117.7
v 161 6.098916 118.4
v 162.3 6.348917 118.7
v 163.5 5.548916 118.7
v 163.2 5.698916 118.4
v 161 6.098916 118.4
v 161.6 6.348917 118.7
v 162 6.398916 118.7
v 162 6.398916 118.7
v 162.3 6.348917 118.7
v 163.2 5.698916 118.4
v 161 6.098916 118.4
v 162 6.398916 118.7
v 161.6 6.348917 118.7
v 161.7 6.298917 118.9
v 163.9 0.04891622 116.3
v 163.5 0.04891622 116.8
v 163.7 0.04891622 117.6
v 179.2 0.04891622 128
v 162.3 0.04891622 119.5
v 160.9 0.04891622 119.7
v 153.6 0.04891622 128
v 163.3 0.04891622 118.8
v 162.3 0.04891622 119.5
v 153.6 0.04891622 128
v 179.2 0.04891622 128
v 153.6 0.04891622 102.4
v 163.3 0.04891622 115
v 164 0.04891622 115.6
v 179.2 0.04891622 128
v 179.2 0.04891622 102.4
v 164 0.04891622 115.6
v 163.9 0.04891622 116.3
v 179.2 0.04891622 128
v 163.7 0.04891622 117.6
v 163.3 0.04891622 118.8
v 179.2 0.04891622 128
v 179.2 0.04891622 128
v 204.8 0.04891622 128
v 204.8 0.04891622 102.4
v 179.2 0.04891622 102.4
v 204.8 0.04891622 128
v 230.4 0.04891622 128
v 230.4 0.04891622 102.4
v 204.8 0.04891622 102.4
v 255.6 0.04891622 120.7
v 256 0.04891622 120.7
v 256 0.04891622 102.4
v 255.2 0.04891622 120.7
v 255.6 0.04891622 120.7
v 256 0.04891622 102.4
v 256 0.04891622 121
v 256 0.04891622 120.7
v 255.6 0.04891622 120.7
v 255.1 0.2489161 123.7
v 255.1 0.04891622 122.9
v 254.8 0.04891622 122.5
v 254.5 0.04891622 125.1
v 256 0.04891622 128
v 256 0.04891622 127.6
v 255 0.04891622 127.1
v 230.4 0.04891622 128
v 254.5 0.04891622 125.1
v 255.4 0.4989161 124.1
v 255.1 0.2489161 123.7
v 230.4 0.04891622 128
v 255 0.04891622 127.1
v 254.5 0.04891622 126.1
v 254.5 0.04891622 126.1
v 254.5 0.04891622 125.1
v 230.4 0.04891622 128
v 254.5 0.04891622 125.1
v 254.8 0.04891622 122.5
v 254.8 0.04891622 121.1
v 254.8 0.04891622 121.1
v 255.2 0.04891622 120.7
v 256 0.04891622 102.4
v 254.5 0.04891622 125.1
v 254.8 0.04891622 121.1
v 256 0.04891622 102.4
v 230.4 0.04891622 102.4
v 230.4 0.04891622 128
v 256 0.04891622 121
v 256.1 0.04891622 121.4
v 256.8 0.04891622 121.4
v 256 0.04891622 121
v 256.8 0.04891622 121.4
v 257.2 0.04891622 121.4
v 256 0.04891622 102.4
v 257.2 0.04891622 121.4
v 257.7 0.04891622 121.9
v 256.8 0.04891622 121.4
v 256.1 0.04891622 121.4
v 256.2 0.04891622 121.8
v 257.7 0.04891622 121.9
v 257.4 0.04891622 122.8
v 257.8 0.04891622 122.9
v 256 0.04891622 102.4
v 256 0.04891622 121
v 257.2 0.04891622 121.4
v 257.5 0.04891622 127.7
v 256.9 0.04891622 127.7
v 256 0.04891622 128
v 256.9 0.04891622 127.7
v 256 0.04891622 127.7
v 256 0.04891622 128
v 256 0.04891622 127.7
v 256.9 0.04891622 127.7
v 256 0.04891622 127.6
v 258.1 0.04891622 125.2
v 257.7 0.04891622 125.5
v 257.6 0.04891622 126.4
v 257.9 0.04891622 127.3
v 281.6 0.04891622 128
v 257.7 0.04891622 121.9
v 257.8 0.04891622 122.9
v 258.2 0.04891622 123.4
v 281.6 0.04891622 128
v 281.6 0.04891622 102.4
v 256 0.04891622 102.4
v 257.9 0.04891622 127.3
v 257.5 0.04891622 127.7
v 281.6 0.04891622 128
v 258.2 0.04891622 123.4
v 258.1 0.04891622 125.2
v 281.6 0.04891622 128
v 257.5 0.04891622 127.7
v 256 0.04891622 128
v 281.6 0.04891622 128
v 281.6 0.04891622 128
v 307.2 0.04891622 128
v 307.2 0.04891622 102.4
v 281.6 0.04891622 102.4
v 307.2 0.04891622 128
v 332.8 0.04891622 128
v 332.8 0.04891622 102.4
v 307.2 0.04891622 102.4
v 332.8 0.04891622 128
v 358.4 0.04891622 128
v 358.4 0.04891622 102.4
v 332.8 0.04891622 102.4
v 358.4 0.04891622 128
v 384 0.04891622 128
v 384 0.04891622 102.4
v 358.4 0.04891622 102.4
v 384 0.04891622 128
v 409.6 0.04891622 128
v 409.6 0.04891622 102.4
v 384 0.04891622 102.4
v 409.6 0.04891622 128
v 435.2 0.04891622 128
v 435.2 0.04891622 102.4
v 409.6 0.04891622 102.4
v 435.2 0.04891622 128
v 460.8 0.04891622 128
v 460.8 0.04891622 102.4
v 435.2 0.04891622 102.4
v 460.8 0.04891622 128
v 486.4 0.04891622 128
v 486.4 0.04891622 102.4
v 460.8 0.04891622 102.4
v 486.4 0.04891622 128
v 499.4 0.04891622 128
v 499.4 0.04891622 102.4
v 486.4 0.04891622 102.4
v 0.6 0.04891622 153.6
v 25.6 0.04891622 153.6
v 25.6 0.04891622 128
v 0.6 0.04891622 128
v 25.6 0.04891622 153.6
v 51.2 0.04891622 153.6
v 51.2 0.04891622 128
v 25.6 0.04891622 128
v 51.2 0.04891622 153.6
v 76.8 0.04891622 153.6
v 76.8 0.04891622 128
v 51.2 0.04891622 128
v 76.8 0.04891622 153.6
v 102.4 0.04891622 153.6
v 102.4 0.04891622 128
v 76.8 0.04891622 128
v 102.4 0.04891622 153.6
v 128 0.04891622 153.6
v 128 0.04891622 128
v 102.4 0.04891622 128
v 128 0.04891622 153.6
v 153.6 0.04891622 153.6
v 153.6 0.04891622 128
v 128 0.04891622 128
v 166.7 0.04891622 141.8
v 179.2 0.04891622 128
v 153.6 0.04891622 128
v 165.6 0.04891622 142.1
v 168.9 0.04891622 141.8
v 169.4 0.04891622 141.8
v 179.2 0.04891622 128
v 167.6 0.04891622 141.8
v 168.9 0.04891622 141.8
v 179.2 0.04891622 128
v 166.7 0.04891622 141.8
v 167.6 0.04891622 141.8
v 179.2 0.04891622 128
v 166.6 0.04891622 145.9
v 167 0.04891622 145.9
v 166.7 0.04891622 145.7
v 153.6 0.04891622 153.6
v 164.6 0.04891622 143.2
v 165.6 0.04891622 142.1
v 153.6 0.04891622 128
v 153.6 0.04891622 153.6
v 164.8 0.04891622 145.4
v 164.6 0.04891622 143.2
v 166.2 0.04891622 146.5
v 165.7 0.04891622 146.5
v 153.6 0.04891622 153.6
v 167.9 0.04891622 145.9
v 167 0.04891622 145.9
v 166.5 0.04891622 146.3
v 166.3 0.04891622 145.4
v 166.6 0.04891622 145.9
v 166.7 0.04891622 145.7
v 166.6 0.3489163 145.2
v 168.9 0.04891622 141.8
v 167.6 0.04891622 141.8
v 168 0.04891622 142.1
v 153.6 0.04891622 153.6
v 165 0.04891622 145.9
v 164.8 0.04891622 145.4
v 167 0.04891622 145.9
v 166.6 0.04891622 145.9
v 166.5 0.04891622 146.3
v 166.2 0.04891622 144.4
v 166.3 0.04891622 145.4
v 166.6 0.3489163 145.2
v 167.1 0.5989163 144.7
v 166.7 0.6489162 144.3
v 169.9 0.04891622 143.8
v 169.7 0.04891622 143.8
v 169.2 0.04891622 145.3
v 170.4 0.04891622 143.8
v 169.9 0.04891622 143.8
v 169.2 0.04891622 145.3
v 153.6 0.04891622 153.6
v 165.7 0.04891622 146.5
v 165 0.04891622 145.9
v 167.9 0.04891622 145.9
v 166.5 0.04891622 146.3
v 166.2 0.04891622 146.5
v 170.9 0.04891622 143.3
v 170.4 0.04891622 143.8
v 169.2 0.04891622 145.3
v 179.2 0.04891622 153.6
v 168.7 0.04891622 145.7
v 167.9 0.04891622 145.9
v 166.2 0.04891622 146.5
v 153.6 0.04891622 153.6
v 179.2 0.04891622 153.6
v 179.2 0.04891622 128
v 169.4 0.04891622 141.8
v 170.8 0.04891622 142.7
v 179.2 0.04891622 153.6
v 179.2 0.04891622 128
v 170.8 0.04891622 142.7
v 170.9 0.04891622 143.3
v 169.2 0.04891622 145.3
v 168.7 0.04891622 145.7
v 179.2 0.04891622 153.6
v 179.2 0.04891622 153.6
v 204.8 0.04891622 153.6
v 204.8 0.04891622 128
v 179.2 0.04891622 128
v 228.1 0.04891622 139.2
v 228.7 0.04891622 138.4
v 228.7 0.04891622 137.9
v 229.4 0.04891622 142.7
v 229.1 0.04891622 141.7
v 228.4 0.04891622 140.9
v 230.4 0.04891622 153.6
v 228.1 0.04891622 139.2
v 228.7 0.04891622 137.9
v 229.1 0.04891622 137
v 230.4 0.04891622 128
v 204.8 0.04891622 128
v 229.1 0.04891622 137
v 230.4 0.04891622 135.5
v 230.4 0.04891622 128
v 230.4 0.04891622 153.6
v 230.4 0.04891622 143.1
v 230 0.04891622 143.1
v 230.4 0.04891622 153.6
v 230 0.04891622 143.1
v 229.4 0.04891622 142.7
v 230.4 0.04891622 153.6
v 228.4 0.04891622 140.9
v 228.1 0.04891622 139.2
v 204.8 0.04891622 128
v 204.8 0.04891622 153.6
v 230.4 2.298916 137.8
v 230.3 1.848916 137.5
v 230 1.848916 137.6
v 229.8 2.098916 138.1
v 230 2.398916 138.7
v 230 2.398916 138.7
v 229.6 2.348916 139.2
v 229.6 2.998916 140.6
v 230.4 3.198916 141.1
v 230.4 2.298916 137.8
v 230 2.398916 138.7
v 229.6 2.998916 140.6
v 232 0.04891622 142.6
v 231.7 0.04891622 142.6
v 230.4 0.04891622 143.1
v 233.8 0.04891622 138.6
v 233.6 0.04891622 138.7
v 233.6 0.04891622 140.9
v 231.7 0.04891622 142.6
v 231.5 0.04891622 142.6
v 230.4 0.04891622 143.1
v 230.4 0.04891622 128
v 230.4 0.04891622 135.5
v 231 0.04891622 135.5
v 230.4 0.04891622 128
v 231 0.04891622 135.5
v 233.1 0.04891622 136.3
v 231.8 2.248916 139.8
v 232.1 2.098916 139.5
v 231.6 2.098916 138.3
v 231.1 2.098916 138.3
v 233.6 0.04891622 140.9
v 233.3 0.04891622 141.5
v 230.4 0.04891622 153.6
v 256 0.04891622 153.6
v 232.1 2.098916 139.5
v 231.9 2.148916 138.3
v 231.6 2.098916 138.3
v 233.3 0.04891622 141.5
v 232.9 0.04891622 142.1
v 230.4 0.04891622 153.6
v 231.6 2.098916 138.3
v 231.9 2.148916 138.3
v 232 1.998916 138
v 233.3 0.04891622 141.5
v 233 0.04891622 141.6
v 232.9 0.04891622 142.1
v 233.9 0.04891622 138.1
v 233.8 0.04891622 138.6
v 233.6 0.04891622 140.9
v 256 0.04891622 153.6
v 256 0.04891622 128
v 230.4 0.04891622 128
v 233.1 0.04891622 136.3
v 233.9 0.04891622 138.1
v 256 0.04891622 128
v 232 0.04891622 142.6
v 230.4 0.04891622 143.1
v 230.4 0.04891622 153.6
v 232.9 0.04891622 142.1
v 232 0.04891622 142.6
v 230.4 0.04891622 153.6
v 230.4 3.198916 141.1
v 230.7 3.198916 141.2
v 231.6 2.648916 140.5
v 231.8 2.248916 139.8
v 231.1 2.098916 138.3
v 230.4 2.298916 137.8
v 281.6 0.04891622 128
v 273.5 0.04891622 144.4
v 273.8 0.04891622 144.6
v 273.1 0.04891622 144.4
v 273.5 0.04891622 144.4
v 281.6 0.04891622 128
v 267.9 0.04891622 145.4
v 269 0.04891622 145.1
v 269.5 0.04891622 144.8
v 270.2 0.04891622 144.8
v 272.7 0.04891622 144.8
v 273.1 0.04891622 144.4
v 269.5 0.04891622 144.8
v 270.2 0.04891622 144.8
v 273.1 0.04891622 144.4
v 281.6 0.04891622 153.6
v 271.7 0.04891622 148.7
v 271.4 0.04891622 148.7
v 273.8 0.04891622 144.6
v 274 0.04891622 145.2
v 281.6 0.04891622 153.6
v 281.6 0.04891622 128
v 269.5 0.04891622 144.8
v 273.1 0.04891622 144.4
v 281.6 0.04891622 128
v 271.4 0.04891622 148.7
v 270.9 0.04891622 148.1
v 269.9 0.04891622 147.9
v 269 0.04891622 147.9
v 270.9 0.04891622 148.1
v 270.3 0.04891622 147.9
v 269.9 0.04891622 147.9
v 269.9 0.04891622 147.9
v 270.3 0.04891622 147.9
v 270.1 0.09891617 147.7
v 268.5 0.04891622 145.4
v 268.9 0.04891622 145.4
v 269 0.04891622 145.1
v 267.9 0.04891622 145.4
v 268.5 0.04891622 145.4
v 269 0.04891622 145.1
v 268.9 0.04891622 145.4
v 268.5 0.04891622 145.4
v 268.7 0.04891622 145.6
v 268.9 0.04891622 145.6
v 272.4 0.04891622 145.6
v 272.6 0.04891622 145.6
v 272.7 0.04891622 144.8
v 271.4 0.04891622 145
v 272.7 0.04891622 144.8
v 270.2 0.04891622 144.8
v 271.4 0.04891622 145
v 274 0.04891622 145.2
v 273.5 0.04891622 147.6
v 281.6 0.04891622 153.6
v 273 0.04891622 148.2
v 271.7 0.04891622 148.7
v 281.6 0.04891622 153.6
v 273.5 0.04891622 147.6
v 273 0.04891622 148.2
v 281.6 0.04891622 153.6
v 268.1 0.04891622 147.2
v 267.9 0.04891622 146.6
v 267.5 0.04891622 146.3
v 256 0.04891622 153.6
v 269 0.04891622 147.9
v 268.6 0.4489162 147.4
v 268.1 0.04891622 147.2
v 256 0.04891622 153.6
v 281.6 0.04891622 153.6
v 271.4 0.04891622 148.7
v 269 0.04891622 147.9
v 256 0.04891622 153.6
v 269.5 0.04891622 144.8
v 281.6 0.04891622 128
v 256 0.04891622 128
v 267.9 0.04891622 145.4
v 256 0.04891622 153.6
v 267.5 0.04891622 145.8
v 267.9 0.04891622 145.4
v 256 0.04891622 128
v 256 0.04891622 153.6
v 267.5 0.04891622 146.3
v 267.5 0.04891622 145.8
v 281.6 0.04891622 153.6
v 307.2 0.04891622 153.6
v 307.2 0.04891622 128
v 281.6 0.04891622 128
v 329.8 0.04891622 148.3
v 331 0.04891622 147.6
v 332.8 0.04891622 128
v 331 0.04891622 147.6
v 332 0.04891622 147.6
v 332.8 0.04891622 128
v 332.8 0.04891622 128
v 332 0.04891622 147.6
v 332.4 0.04891622 148
v 329.3 0.04891622 150.2
v 329.7 0.4489162 150
v 329.8 0.04891622 148.3
v 332.8 0.04891622 153.6
v 330.6 0.04891622 152.5
v 330.1 0.04891622 152.5
v 307.2 0.04891622 153.6
v 329.3 0.04891622 151.8
v 329.1 0.04891622 150.7
v 332.8 5.198916 151
v 332.5 5.798916 151.1
v 332.5 5.798916 151.2
v 332.8 5.198916 151.4
v 331.5 0.04891622 151.6
v 331.8 0.04891622 151.6
v 331.5 0.04891622 151.4
v 307.2 0.04891622 153.6
v 330.1 0.04891622 152.5
v 329.3 0.04891622 151.8
v 307.2 0.04891622 153.6
v 332.8 0.04891622 153.6
v 330.1 0.04891622 152.5
v 332.4 0.04891622 149.2
v 332.1 0.04891622 149.7
v 332.3 0.04891622 149.9
v 332.3 0.04891622 149.9
v 332.3 0.04891622 150.4
v 332.6 0.04891622 150.7
v 332.4 0.04891622 149.2
v 329.1 0.04891622 150.7
v 329.3 0.04891622 150.2
v 329.8 0.04891622 148.3
v 332.8 0.04891622 128
v 307.2 0.04891622 128
v 307.2 0.04891622 153.6
v 332.2 5.948916 151.2
v 331.1 5.648916 151.2
v 331.6 5.898916 151.6
v 332.2 5.948916 151.1
v 331.9 5.998917 150.8
v 331.4 5.898916 150.7
v 330.6 5.598916 151.1
v 330.6 5.598916 151.1
v 331.4 5.898916 150.7
v 331.1 5.548916 150.2
v 330.1 5.348916 150.4
v 330.6 5.598916 151.1
v 330.8 5.598916 151.2
v 331.1 5.648916 151.2
v 330.6 5.598916 151.1
v 330.6 5.598916 151.2
v 330.8 5.598916 151.2
v 332.4 0.04891622 148
v 332.4 0.04891622 149.2
v 332.6 0.04891622 150.7
v 331.1 5.648916 151.2
v 332.2 5.948916 151.2
v 332.2 5.948916 151.1
v 330.6 5.598916 151.1
v 332.2 5.948916 151.2
v 332.5 5.798916 151.2
v 332.5 5.798916 151.1
v 332.2 5.948916 151.1
v 331.8 0.04891622 151.6
v 331.5 0.04891622 151.6
v 330.6 0.04891622 152.5
v 332.2 0.04891622 151.6
v 331.8 0.04891622 151.6
v 330.6 0.04891622 152.5
v 332.8 0.04891622 153.6
v 332.8 0.04891622 128
v 332.4 0.04891622 148
v 332.6 0.04891622 150.7
v 332.6 0.04891622 151.2
v 332.2 0.04891622 151.6
v 332.8 0.04891622 153.6
v 332.6 0.04891622 150.7
v 332.6 0.04891622 151.2
v 332.8 0.04891622 153.6
v 332.8 0.04891622 128
v 332.8 0.04891622 153.6
v 358.4 0.04891622 153.6
v 358.4 0.04891622 128
v 332.8 0.04891622 128
v 332.8 5.198916 151.4
v 333 5.048916 151.7
v 333.1 4.998917 151.1
v 332.8 5.198916 151
v 358.4 0.04891622 153.6
v 384 0.04891622 153.6
v 384 0.04891622 128
v 358.4 0.04891622 128
v 384 0.04891622 153.6
v 409.6 0.04891622 153.6
v 409.6 0.04891622 128
v 384 0.04891622 128
v 409.6 0.04891622 153.6
v 435.2 0.04891622 153.6
v 435.2 0.04891622 128
v 409.6 0.04891622 128
v 435.2 0.04891622 153.6
v 460.8 0.04891622 153.6
v 460.8 0.04891622 128
v 435.2 0.04891622 128
v 460.8 0.04891622 153.6
v 486.4 0.04891622 153.6
v 486.4 0.04891622 128
v 460.8 0.04891622 128
v 486.4 0.04891622 153.6
v 499.4 0.04891622 153.6
v 499.4 0.04891622 128
v 486.4 0.04891622 128
v 0.6 0.04891622 179.2
v 25.6 0.04891622 179.2
v 25.6 0.04891622 153.6
v 0.6 0.04891622 153.6
v 25.6 0.04891622 179.2
v 51.2 0.04891622 179.2
v 51.2 0.04891622 153.6
v 25.6 0.04891622 153.6
v 51.2 0.04891622 179.2
v 76.8 0.04891622 179.2
v 76.8 0.04891622 153.6
v 51.2 0.04891622 153.6
v 76.8 0.04891622 179.2
v 102.4 0.04891622 179.2
v 102.4 0.04891622 153.6
v 76.8 0.04891622 153.6
v 102.4 0.04891622 179.2
v 128 0.04891622 179.2
v 128 0.04891622 153.6
v 102.4 0.04891622 153.6
v 128 0.04891622 179.2
v 153.6 0.04891622 179.2
v 153.6 0.04891622 153.6
v 128 0.04891622 153.6
v 153.6 0.04891622 179.2
v 179.2 0.04891622 179.2
v 179.2 0.04891622 153.6
v 153.6 0.04891622 153.6
v 182.7 0.04891622 159.7
v 183.5 0.04891622 160.3
v 185.3 0.04891622 161
v 179.2 0.04891622 153.6
v 179.2 0.04891622 153.6
v 181.8 0.04891622 159.7
v 182.7 0.04891622 159.7
v 204.8 0.04891622 153.6
v 185.7 0.04891622 161.4
v 185.6 0.04891622 162.1
v 180.5 0.04891622 163.2
v 181.1 0.04891622 162.7
v 181.5 0.04891622 161.1
v 181.3 0.04891622 160.2
v 182.9 0.04891622 167.4
v 182.7 0.04891622 167.3
v 181.1 0.04891622 167.3
v 183.3 0.04891622 167.4
v 182.9 0.04891622 167.4
v 179.2 0.04891622 179.2
v 179.2 0.04891622 153.6
v 185.3 0.04891622 161
v 185.7 0.04891622 161.4
v 204.8 0.04891622 153.6
v 185.6 0.04891622 162.1
v 184.5 0.04891622 166.2
v 184.3 0.04891622 167
v 204.8 0.04891622 179.2
v 204.8 0.04891622 153.6
v 179.7 0.04891622 166
v 180.2 0.04891622 165.1
v 180.5 0.04891622 163.2
v 183.5 0.04891622 160.3
v 183.8 0.04891622 161
v 184.9 0.04891622 161
v 183.5 0.04891622 160.3
v 184.9 0.04891622 161
v 185.3 0.04891622 161
v 181.3 0.04891622 160.2
v 181.8 0.04891622 159.7
v 179.2 0.04891622 153.6
v 183.8 0.04891622 161
v 183.8 0.04891622 161.3
v 184.3 0.04891622 161.3
v 184.9 0.04891622 161
v 183.3 0.04891622 165
v 182.9 0.4489162 165.4
v 183.9 0.04891622 165.7
v 184.9 0.04891622 162.7
v 184.5 0.04891622 162.8
v 184.3 0.04891622 163.5
v 181.8 0.04891622 167.2
v 181.3 0.04891622 167.1
v 181.1 0.04891622 167.3
v 183.3 0.04891622 165
v 183.9 0.04891622 165.7
v 184.5 0.04891622 166.2
v 185.6 0.04891622 162.1
v 184.9 0.04891622 162.7
v 184.3 0.04891622 163.5
v 184.3 0.04891622 163.5
v 183.2 0.04891622 164.1
v 183.3 0.04891622 165
v 184.3 0.04891622 167
v 183.6 0.04891622 167.1
v 183.3 0.04891622 167.4
v 179.2 0.04891622 179.2
v 204.8 0.04891622 179.2
v 181.8 0.04891622 167.2
v 182.6 0.04891622 167.2
v 182.4 0.04891622 167
v 182.7 0.04891622 167.3
v 182.6 0.04891622 167.2
v 181.8 0.04891622 167.2
v 181.1 0.04891622 167.3
v 182.9 0.04891622 167.4
v 181.1 0.04891622 167.3
v 180.4 0.04891622 167.3
v 179.2 0.04891622 179.2
v 179.7 0.04891622 166
v 180.5 0.04891622 163.2
v 181.3 0.04891622 160.2
v 179.2 0.04891622 153.6
v 179.2 0.04891622 179.2
v 179.9 0.04891622 167
v 179.7 0.04891622 166
v 179.2 0.04891622 179.2
v 180.4 0.04891622 167.3
v 179.9 0.04891622 167
v 179.2 0.04891622 179.2
v 179.7 0.04891622 166
v 179.2 0.04891622 153.6
v 204.8 0.04891622 179.2
v 230.4 0.04891622 179.2
v 230.4 0.04891622 153.6
v 204.8 0.04891622 153.6
v 230.4 0.04891622 179.2
v 256 0.04891622 179.2
v 256 0.04891622 153.6
v 230.4 0.04891622 153.6
v 256 0.04891622 179.2
v 281.6 0.04891622 179.2
v 281.6 0.04891622 153.6
v 256 0.04891622 153.6
v 281.6 0.04891622 179.2
v 307.2 0.04891622 179.2
v 307.2 0.04891622 153.6
v 281.6 0.04891622 153.6
v 307.2 0.04891622 179.2
v 332.8 0.04891622 179.2
v 332.8 0.04891622 153.6
v 307.2 0.04891622 153.6
v 332.8 0.04891622 179.2
v 358.4 0.04891622 179.2
v 358.4 0.04891622 153.6
v 332.8 0.04891622 153.6
v 358.4 0.04891622 179.2
v 384 0.04891622 179.2
v 384 0.04891622 153.6
v 358.4 0.04891622 153.6
v 389.1 0.04891622 166.3
v 390.6 0.3489163 166
v 384 0.04891622 153.6
v 384 0.04891622 153.6
v 390.6 0.3489163 166
v 390.9 0.04891622 166
v 392.5 0.04891622 167.8
v 392.2 0.04891622 168.3
v 409.6 0.04891622 179.2
v 389.1 0.04891622 166.3
v 389.7 0.6489162 166.4
v 390.6 0.3489163 166
v 390.5 0.04891622 168.9
v 390 0.04891622 168.9
v 384 0.04891622 179.2
v 409.6 0.04891622 153.6
v 384 0.04891622 153.6
v 392.3 0.04891622 166.9
v 409.6 0.04891622 179.2
v 392.3 0.04891622 166.9
v 392.5 0.04891622 167.8
v 409.6 0.04891622 179.2
v 392.2 0.04891622 168.3
v 391.6 0.04891622 168.7
v 384 0.04891622 179.2
v 409.6 0.04891622 179.2
v 392.2 0.04891622 168.3
v 391.8 0.04891622 168.4
v 391.6 0.04891622 168.7
v 390.9 0.04891622 166
v 391.3 0.5489163 166.5
v 392.3 0.04891622 166.9
v 384 0.04891622 153.6
v 391.6 0.04891622 168.7
v 390.5 0.04891622 168.9
v 384 0.04891622 179.2
v 384 0.04891622 179.2
v 390 0.04891622 168.9
v 388.5 0.04891622 167.4
v 384 0.04891622 179.2
v 388.5 0.04891622 167.4
v 388.6 0.04891622 166.7
v 384 0.04891622 153.6
v 388.6 0.04891622 166.7
v 389.1 0.04891622 166.3
v 384 0.04891622 153.6
v 435.2 0.04891622 153.6
v 434.7 0.04891622 159.2
v 435.2 0.04891622 160.1
v 433.4 0.04891622 158.8
v 434.1 0.04891622 158.8
v 435.2 0.04891622 153.6
v 431.9 0.04891622 159.3
v 433.4 0.04891622 158.8
v 435.2 0.04891622 153.6
v 431.9 0.04891622 159.3
v 432.5 0.6989162 159.4
v 433.4 0.04891622 158.8
v 435.2 0.04891622 179.2
v 433.1 0.04891622 162.9
v 432.5 0.04891622 162.9
v 431.3 0.04891622 160.4
v 431.4 0.04891622 159.6
v 409.6 0.04891622 153.6
v 435.2 0.04891622 179.2
v 432.1 0.04891622 162.5
v 431.3 0.04891622 160.4
v 409.6 0.04891622 153.6
v 409.6 0.04891622 179.2
v 435.2 0.04891622 153.6
v 434.1 0.04891622 158.8
v 434.7 0.04891622 159.2
v 435.2 0.04891622 179.2
v 432.5 0.04891622 162.9
v 432.1 0.04891622 162.5
v 434.2 0.04891622 161.8
v 433.4 0.04891622 161.8
v 433.5 0.04891622 162.5
v 432.1 0.04891622 162.5
v 432.2 0.04891622 161.8
v 431.3 0.04891622 160.4
v 431.4 0.04891622 159.6
v 431.9 0.04891622 159.3
v 435.2 0.04891622 153.6
v 409.6 0.04891622 153.6
v 435.2 0.04891622 161
v 434.2 0.04891622 161.8
v 433.5 0.04891622 162.5
v 435.2 0.04891622 161
v 433.5 0.04891622 162.5
v 433.1 0.04891622 162.9
v 435.2 0.04891622 179.2
v 460.8 0.04891622 153.6
v 435.2 0.04891622 153.6
v 435.2 0.04891622 160.1
v 460.8 0.04891622 153.6
v 435.2 0.04891622 160.1
v 435.2 0.04891622 161
v 435.2 0.04891622 161
v 435.2 0.04891622 179.2
v 460.8 0.04891622 179.2
v 460.8 0.04891622 153.6
v 460.8 0.04891622 179.2
v 486.4 0.04891622 179.2
v 486.4 0.04891622 153.6
v 460.8 0.04891622 153.6
v 486.4 0.04891622 179.2
v 499.4 0.04891622 179.2
v 499.4 0.04891622 153.6
v 486.4 0.04891622 153.6
v 0.6 0.04891622 204.8
v 25.6 0.04891622 204.8
v 25.6 0.04891622 179.2
v 0.6 0.04891622 179.2
v 25.6 0.04891622 204.8
v 51.2 0.04891622 204.8
v 51.2 0.04891622 179.2
v 25.6 0.04891622 179.2
v 51.2 0.04891622 204.8
v 76.8 0.04891622 204.8
v 76.8 0.04891622 179.2
v 51.2 0.04891622 179.2
v 76.8 0.04891622 204.8
v 102.4 0.04891622 204.8
v 102.4 0.04891622 179.2
v 76.8 0.04891622 179.2
v 102.4 0.04891622 204.8
v 128 0.04891622 204.8
v 128 0.04891622 179.2
v 102.4 0.04891622 179.2
v 128 0.04891622 179.2
v 129.9 0.04891622 185.5
v 132.5 0.04891622 185.6
v 128 0.04891622 179.2
v 129.6 0.04891622 185.5
v 129.9 0.04891622 185.5
v 129 0.04891622 186.1
v 129.6 0.04891622 185.5
v 128 0.04891622 179.2
v 132.8 0.04891622 189
v 132.4 0.04891622 189
v 128 0.04891622 204.8
v 153.6 0.04891622 179.2
v 133.6 0.04891622 186.5
v 133.8 0.04891622 187
v 132.4 0.04891622 189
v 131.1 0.04891622 188.9
v 130.5 0.04891622 188.9
v 153.6 0.04891622 179.2
v 133.8 0.04891622 187
v 133.6 0.04891622 188.5
v 129.9 0.04891622 185.5
v 130.1 0.04891622 185.6
v 131.5 0.04891622 185.6
v 129.9 0.04891622 185.5
v 131.5 0.04891622 185.6
v 132.5 0.04891622 185.6
v 132.4 0.04891622 189
v 132 0.04891622 188.9
v 131.1 0.04891622 188.9
v 131.5 0.04891622 185.6
v 130.1 0.04891622 185.6
v 130.6 0.04891622 186.2
v 131.1 0.04891622 188.9
v 132 0.04891622 188.9
v 131.5 0.04891622 188.6
v 133.6 0.04891622 188.5
v 132.8 0.04891622 189
v 128 0.04891622 204.8
v 153.6 0.04891622 204.8
v 153.6 0.04891622 179.2
v 128 0.04891622 179.2
v 132.5 0.04891622 185.6
v 133.6 0.04891622 186.5
v 153.6 0.04891622 179.2
v 129 0.04891622 187.8
v 129 0.04891622 186.1
v 128 0.04891622 179.2
v 128 0.04891622 204.8
v 128 0.04891622 204.8
v 132.4 0.04891622 189
v 130.5 0.04891622 188.9
v 128 0.04891622 204.8
v 130.5 0.04891622 188.9
v 129.5 0.04891622 188.5
v 128 0.04891622 204.8
v 129.5 0.04891622 188.5
v 129 0.04891622 187.8
v 153.6 0.04891622 204.8
v 179.2 0.04891622 204.8
v 179.2 0.04891622 179.2
v 153.6 0.04891622 179.2
v 179.2 0.04891622 204.8
v 204.8 0.04891622 204.8
v 204.8 0.04891622 179.2
v 179.2 0.04891622 179.2
v 204.8 0.04891622 204.8
v 230.4 0.04891622 204.8
v 230.4 0.04891622 198.2
v 204.8 0.04891622 204.8
v 230.4 0.04891622 198.2
v 230.4 0.04891622 197.6
v 230.4 0.04891622 197.6
v 230.4 0.04891622 179.2
v 204.8 0.04891622 179.2
v 204.8 0.04891622 204.8
v 230.4 0.04891622 179.2
v 233.5 0.04891622 196
v 234.3 0.2989163 197
v 230.4 0.04891622 179.2
v 232.6 0.04891622 195.6
v 233 0.04891622 195.6
v 230.4 0.04891622 197.6
v 230.6 0.04891622 197.3
v 230.4 0.04891622 179.2
v 233.5 0.04891622 199.7
v 233.2 0.04891622 199.7
v 230.4 0.04891622 204.8
v 234.7 0.04891622 197.6
v 234.5 0.04891622 198.7
v 256 0.04891622 204.8
v 230.6 0.04891622 197.3
v 231.2 0.04891622 197.2
v 232.6 0.04891622 195.6
v 230.4 0.04891622 179.2
v 230.4 0.04891622 179.2
v 233 0.04891622 195.6
v 233.5 0.04891622 196
v 230.4 0.04891622 179.2
v 234.3 0.2989163 197
v 234.7 0.04891622 197.6
v 256 0.04891622 204.8
v 256 0.04891622 179.2
v 234.5 0.04891622 198.7
v 233.5 0.04891622 199.7
v 230.4 0.04891622 204.8
v 256 0.04891622 204.8
v 233.5 0.04891622 196
v 233.6 0.6989162 196.6
v 234.3 0.2989163 197
v 230.4 0.04891622 198.6
v 230.8 0.04891622 198.6
v 230.4 0.04891622 198.2
v 231.3 0.04891622 198.6
v 231.7 0.04891622 198.6
v 231.6 0.04891622 198.2
v 232.1 0.04891622 199.2
v 231.7 0.04891622 198.6
v 231.3 0.04891622 198.6
v 232.1 0.04891622 199.2
v 231.3 0.04891622 198.6
v 230.8 0.04891622 198.6
v 232.1 0.04891622 199.2
v 230.8 0.04891622 198.6
v 230.4 0.04891622 198.6
v 233.2 0.04891622 199.7
v 232.1 0.04891622 199.2
v 230.4 0.04891622 198.6
v 230.4 0.04891622 204.8
v 256 0.04891622 204.8
v 281.6 0.04891622 204.8
v 281.6 0.04891622 179.2
v 256 0.04891622 179.2
v 281.6 0.04891622 204.8
v 286.9 0.04891622 204.1
v 287.9 0.04891622 203.9
v 281.6 0.04891622 179.2
v 281.6 0.04891622 179.2
v 287.9 0.04891622 203.9
v 289.2 0.04891622 203.9
v 281.6 0.04891622 204.8
v 286.6 0.04891622 204.8
v 286.9 0.04891622 204.1
v 289.8 0.04891622 204.3
v 289.9 0.04891622 204.8
v 307.2 0.04891622 204.8
v 289.2 0.04891622 203.9
v 289.8 0.04891622 204.3
v 307.2 0.04891622 204.8
v 307.2 0.04891622 179.2
v 281.6 0.04891622 179.2
v 307.2 0.04891622 204.8
v 332.8 0.04891622 204.8
v 332.8 0.04891622 179.2
v 307.2 0.04891622 179.2
v 332.8 0.04891622 204.8
v 358.4 0.04891622 204.8
v 358.4 0.04891622 179.2
v 332.8 0.04891622 179.2
v 375.2 0.04891622 184.6
v 384 0.04891622 179.2
v 358.4 0.04891622 179.2
v 375.2 0.04891622 184.6
v 375.6 0.04891622 184.6
v 384 0.04891622 179.2
v 374.5 0.04891622 187.5
v 374.2 0.04891622 187.1
v 358.4 0.04891622 179.2
v 375.2 0.04891622 187.9
v 375.2 0.04891622 187.7
v 374.5 0.04891622 187.5
v 375.9 0.04891622 189
v 375.7 0.04891622 188.2
v 375.2 0.04891622 187.9
v 374.5 0.04891622 187.5
v 376.3 5.798916 188.5
v 376.3 5.748917 188.7
v 376.8 5.698916 188.9
v 377.1 5.698916 188.8
v 377.2 6.048916 188.3
v 376.1 5.998917 187.7
v 375.7 5.648916 187.7
v 375.7 5.748917 188
v 384 0.04891622 204.8
v 377.5 0.04891622 189.9
v 377.1 0.04891622 189.9
v 384 0.04891622 179.2
v 375.6 0.04891622 184.6
v 377.3 0.04891622 185.1
v 376.4 6.148916 187.7
v 376.1 5.998917 187.7
v 375.7 5.748917 188
v 376.4 6.148916 187.7
v 375.7 5.748917 188
v 376.3 5.798916 188.5
v 377.2 6.048916 188.3
v 377.8 6.348917 187.7
v 375.6 0.04891622 184.6
v 376.2 0.04891622 185.1
v 376.8 0.04891622 185.1
v 375.6 0.04891622 184.6
v 376.8 0.04891622 185.1
v 377.3 0.04891622 185.1
v 375.7 5.648916 187.7
v 376.1 5.998917 187.7
v 375.7 5.648916 187.5
v 374.2 0.04891622 187.1
v 374.4 0.04891622 185.6
v 358.4 0.04891622 179.2
v 374.4 0.04891622 185.6
v 374.7 0.04891622 185
v 358.4 0.04891622 179.2
v 377.7 0.04891622 185.4
v 377.8 0.04891622 185.8
v 378.3 0.04891622 186.1
v 374.7 0.04891622 185
v 375.2 0.04891622 184.6
v 358.4 0.04891622 179.2
v 384 0.04891622 204.8
v 377.1 0.04891622 189.9
v 376.4 0.04891622 189.6
v 376.4 0.04891622 189.6
v 375.9 0.04891622 189
v 374.5 0.04891622 187.5
v 358.4 0.04891622 179.2
v 358.4 0.04891622 204.8
v 384 0.04891622 204.8
v 377.9 5.698916 186.2
v 377.4 6.048916 186.4
v 377.3 6.398916 186.7
v 377.3 6.398916 186.7
v 376.8 6.348917 186.8
v 376.8 6.398916 187.3
v 377.8 6.348917 187.7
v 378 6.248917 187.1
v 378.7 5.348916 185.8
v 378.2 5.498917 185.8
v 377.9 5.698916 186.2
v 376.8 6.398916 187.3
v 376.4 6.148916 187.7
v 377.8 6.348917 187.7
v 378 6.248917 187.1
v 378.8 5.648916 187
v 379.1 5.548916 186.6
v 378.7 5.348916 185.8
v 377.9 5.698916 186.2
v 377.3 6.398916 186.7
v 378.6 0.04891622 187.5
v 378.2 0.04891622 187.9
v 378.5 0.04891622 189.1
v 384 0.04891622 179.2
v 377.3 0.04891622 185.1
v 377.7 0.04891622 185.4
v 384 0.04891622 179.2
v 377.7 0.04891622 185.4
v 378.3 0.04891622 186.1
v 384 0.04891622 179.2
v 378.3 0.04891622 186.1
v 378.6 0.04891622 186.9
v 384 0.04891622 179.2
v 378.6 0.04891622 186.9
v 378.6 0.04891622 187.5
v 384 0.04891622 179.2
v 378.6 0.04891622 187.5
v 378.5 0.04891622 189.1
v 384 0.04891622 204.8
v 378.5 0.04891622 189.1
v 377.5 0.04891622 189.9
v 384 0.04891622 204.8
v 384 0.04891622 204.8
v 409.6 0.04891622 204.8
v 409.6 0.04891622 179.2
v 384 0.04891622 179.2
v 410.6 0.04891622 195.9
v 411.3 0.5489163 195.8
v 411.8 0.04891622 195.1
v 409.6 0.04891622 179.2
v 409.6 0.04891622 179.2
v 411.8 0.04891622 195.1
v 412.5 0.04891622 195.1
v 409.9 0.04891622 196.7
v 410.6 0.04891622 195.9
v 409.6 0.04891622 179.2
v 409.6 0.04891622 204.8
v 409.9 0.04891622 196.7
v 409.6 0.04891622 179.2
v 411.2 0.04891622 198.6
v 410.9 0.04891622 198.6
v 409.6 0.04891622 204.8
v 409.6 0.04891622 204.8
v 410.2 0.5489163 198
v 409.9 0.04891622 196.7
v 409.6 0.04891622 204.8
v 410.9 0.04891622 198.6
v 410.2 0.5489163 198
v 409.6 0.04891622 179.2
v 412.5 0.04891622 195.1
v 412.8 0.04891622 195.3
v 412.8 0.04891622 195.3
v 412.9 0.04891622 195.7
v 413.3 0.04891622 195.9
v 409.6 0.04891622 179.2
v 412.6 0.04891622 198.1
v 412.2 0.2989163 198
v 411.2 0.04891622 198.6
v 412.6 0.04891622 198.1
v 411.2 0.04891622 198.6
v 409.6 0.04891622 204.8
v 413.2 0.04891622 197.7
v 412.6 0.04891622 198.1
v 409.6 0.04891622 204.8
v 435.2 0.04891622 204.8
v 409.6 0.04891622 179.2
v 413.3 0.04891622 195.9
v 413.5 0.04891622 196.4
v 435.2 0.04891622 204.8
v 435.2 0.04891622 179.2
v 413.5 0.04891622 196.4
v 413.2 0.04891622 197.7
v 435.2 0.04891622 204.8
v 435.2 0.04891622 204.8
v 460.8 0.04891622 204.8
v 460.8 0.04891622 179.2
v 435.2 0.04891622 179.2
v 460.8 0.04891622 204.8
v 486.4 0.04891622 204.8
v 486.4 0.04891622 179.2
v 460.8 0.04891622 179.2
v 486.4 0.04891622 204.8
v 499.4 0.04891622 204.8
v 499.4 0.04891622 179.2
v 486.4 0.04891622 179.2
v 0.6 0.04891622 230.4
v 25.6 0.04891622 230.4
v 25.6 0.04891622 204.8
v 0.6 0.04891622 204.8
v 25.6 0.04891622 230.4
v 51.2 0.04891622 230.4
v 51.2 0.04891622 204.8
v 25.6 0.04891622 204.8
v 51.2 0.04891622 230.4
v 76.8 0.04891622 230.4
v 76.8 0.04891622 204.8
v 51.2 0.04891622 204.8
v 76.8 0.04891622 230.4
v 102.4 0.04891622 230.4
v 102.4 0.04891622 204.8
v 76.8 0.04891622 204.8
v 102.4 0.04891622 230.4
v 128 0.04891622 230.4
v 128 0.04891622 204.8
v 102.4 0.04891622 204.8
v 128 0.04891622 230.4
v 153.6 0.04891622 230.4
v 153.6 0.04891622 204.8
v 128 0.04891622 204.8
v 175.8 0.04891622 222.2
v 177.4 0.04891622 221.5
v 179.2 0.04891622 204.8
v 177.4 0.04891622 221.5
v 178.2 0.04891622 221.5
v 179.2 0.04891622 204.8
v 179.2 0.04891622 204.8
v 178.8 0.04891622 221.8
v 179.2 0.04891622 222.4
v 174.9 0.04891622 224.2
v 175.5 0.04891622 223.9
v 175.8 0.04891622 222.2
v 179.2 0.04891622 230.4
v 177.3 0.04891622 226.5
v 176.4 0.04891622 226.5
v 179.2 0.04891622 204.8
v 178.2 0.04891622 221.5
v 178.8 0.04891622 221.8
v 179.1 5.348916 225.8
v 179.1 5.298916 225.3
v 178.7 5.598916 225
v 177.6 6.248917 225.5
v 178.1 5.648916 226.1
v 178.5 5.548916 226.2
v 177.2 6.348917 224.2
v 176.9 6.248917 224.2
v 176.4 6.098916 225
v 176.4 6.098916 225
v 178.7 5.598916 225
v 177.8 6.298917 224.2
v 177.2 6.348917 224.2
v 153.6 0.04891622 230.4
v 174.6 0.04891622 225.1
v 174.6 0.04891622 224.6
v 175.8 5.898916 224.2
v 176 5.898916 225
v 176.4 6.098916 225
v 176.9 6.248917 224.2
v 176.4 6.098916 225
v 176.9 6.298917 225.5
v 177.6 6.248917 225.5
v 178.7 5.598916 225
v 153.6 0.04891622 230.4
v 174.9 0.04891622 225.6
v 174.6 0.04891622 225.1
v 178.8 0.04891622 224
v 178.4 0.04891622 224.2
v 178.3 0.04891622 225.7
v 179.2 0.04891622 230.4
v 175.4 0.04891622 226.1
v 174.9 0.04891622 225.6
v 153.6 0.04891622 230.4
v 175.9 5.898916 224
v 175.7 5.848916 224
v 175.8 5.898916 224.2
v 176.5 5.898916 223.8
v 176.6 5.698916 223.4
v 176.3 5.698916 223.4
v 175.9 5.898916 224
v 175.8 5.898916 224.2
v 176.9 6.248917 224.2
v 176.5 5.898916 223.8
v 175.9 5.898916 224
v 177.2 6.348917 224.2
v 177.8 6.298917 224.2
v 177.5 6.298917 224
v 175.8 5.898916 224.2
v 175.8 5.898916 225
v 176 5.898916 225
v 174.6 0.04891622 224.6
v 174.9 0.04891622 224.2
v 175.8 0.04891622 222.2
v 179.2 0.04891622 204.8
v 153.6 0.04891622 204.8
v 153.6 0.04891622 230.4
v 179.2 0.04891622 230.4
v 176.4 0.04891622 226.5
v 175.4 0.04891622 226.1
v 179.2 0.04891622 223.2
v 178.8 0.04891622 224
v 178.3 0.04891622 225.7
v 179.2 0.04891622 230.4
v 178.3 0.04891622 225.7
v 177.3 0.04891622 226.5
v 179.2 0.04891622 230.4
v 179.2 0.04891622 223.2
v 179.2 0.04891622 230.4
v 204.8 0.04891622 230.4
v 179.2 0.04891622 222.4
v 179.2 0.04891622 223.2
v 204.8 0.04891622 230.4
v 179.2 0.04891622 222.4
v 204.8 0.04891622 230.4
v 204.8 0.04891622 204.8
v 179.2 0.04891622 204.8
v 204.8 0.04891622 230.4
v 230.4 0.04891622 230.4
v 230.4 0.04891622 204.8
v 204.8 0.04891622 204.8
v 230.4 0.04891622 230.4
v 256 0.04891622 230.4
v 256 0.04891622 204.8
v 230.4 0.04891622 204.8
v 256 0.04891622 230.4
v 281.6 0.04891622 230.4
v 281.6 0.04891622 204.8
v 256 0.04891622 204.8
v 285.8 0.04891622 206.3
v 286.3 0.04891622 206
v 286.6 0.04891622 205.4
v 286.6 0.04891622 204.8
v 281.6 0.04891622 204.8
v 289.9 0.04891622 204.8
v 289.4 0.04891622 205.7
v 289.6 0.04891622 206.5
v 307.2 0.04891622 204.8
v 286.8 0.04891622 208.6
v 286.2 0.04891622 208.6
v 281.6 0.04891622 230.4
v 281.6 0.04891622 230.4
v 286.2 0.04891622 208.6
v 285.4 0.04891622 208
v 285.4 0.04891622 208
v 285.3 0.04891622 207.3
v 281.6 0.04891622 204.8
v 281.6 0.04891622 230.4
v 285.3 0.04891622 207.3
v 285.8 0.04891622 206.3
v 281.6 0.04891622 204.8
v 288.2 0.04891622 208.4
v 287.5 0.04891622 208.4
v 286.8 0.04891622 208.6
v 287.2 6.098916 206.2
v 287.3 5.748917 205.8
v 286.8 5.648916 205.7
v 286.3 5.848916 206.6
v 286.3 5.848916 206.6
v 287.6 6.348917 206.6
v 287.2 6.098916 206.2
v 286.3 5.848916 206.6
v 286.3 5.798916 207.3
v 286.6 5.798916 207.3
v 286.3 5.848916 206.6
v 286.6 5.798916 207.3
v 286.9 6.098916 207.3
v 287.6 6.348917 206.6
v 289.1 5.698916 207.3
v 288.2 6.398916 206.6
v 287.9 6.398916 206.6
v 286.9 6.098916 207.3
v 287.9 6.398916 206.6
v 287.6 6.348917 206.6
v 286.9 6.098916 207.3
v 288.2 6.348917 207.6
v 289.4 5.548916 207.6
v 289.1 5.698916 207.3
v 286.9 6.098916 207.3
v 287.5 6.348917 207.6
v 287.9 6.398916 207.6
v 287.9 6.398916 207.6
v 288.2 6.348917 207.6
v 289.1 5.698916 207.3
v 286.9 6.098916 207.3
v 287.9 6.398916 207.6
v 287.5 6.348917 207.6
v 287.6 6.298917 207.8
v 289.7 5.298916 207.9
v 289.6 5.398916 207.6
v 289.4 5.548916 207.6
v 288.5 5.898916 207.8
v 288.6 5.648916 208.4
v 289.1 5.498917 208.6
v 289.4 5.548916 207.6
v 288.2 6.348917 207.6
v 288.5 5.898916 207.8
v 287.1 0.04891622 208.4
v 287.5 0.04891622 208.4
v 287.2 0.04891622 208.2
v 287.5 0.04891622 208.4
v 287.1 0.04891622 208.4
v 286.8 0.04891622 208.6
v 289.6 0.04891622 206.5
v 289.3 0.04891622 207
v 289.3 0.04891622 207.5
v 307.2 0.04891622 204.8
v 288.2 0.04891622 208.4
v 286.8 0.04891622 208.6
v 281.6 0.04891622 230.4
v 307.2 0.04891622 204.8
v 289.3 0.04891622 207.5
v 288.2 0.04891622 208.4
v 281.6 0.04891622 230.4
v 307.2 0.04891622 230.4
v 307.2 0.04891622 230.4
v 332.8 0.04891622 230.4
v 332.8 0.04891622 204.8
v 307.2 0.04891622 204.8
v 356.9 0.04891622 224.4
v 358.4 0.04891622 224.4
v 358.4 0.04891622 204.8
v 356.3 0.04891622 224.4
v 356.9 0.04891622 224.4
v 358.4 0.04891622 204.8
v 355.9 2.398916 227.6
v 355.5 2.348916 228.1
v 355.5 2.998916 229.5
v 358.3 9.198916 224.4
v 358.4 9.198916 224.2
v 358.4 9.148916 223.9
v 357.8 9.248917 224.4
v 357.3 9.298917 224.4
v 357.4 9.298917 224.4
v 358.4 9.148916 223.9
v 357.4 9.298917 224.4
v 357.8 9.248917 224.4
v 358.4 9.148916 223.9
v 354 0.04891622 228.1
v 354.6 0.04891622 227.3
v 354.6 0.04891622 226.8
v 357.5 2.098916 227.2
v 357 2.098916 227.2
v 355.9 2.398916 227.6
v 332.8 0.04891622 230.4
v 354.7 0.04891622 230.4
v 354.3 0.04891622 229.8
v 332.8 0.04891622 230.4
v 354.3 0.04891622 229.8
v 354 0.04891622 228.1
v 356.3 3.248916 230.1
v 357.5 2.648916 229.4
v 357.7 2.248916 228.7
v 357.5 2.098916 227.2
v 355.9 2.398916 227.6
v 355.5 2.998916 229.5
v 358.4 0.04891622 225
v 358.4 0.04891622 224.4
v 356.9 0.04891622 224.4
v 357.4 9.298917 224.4
v 357.3 9.298917 224.4
v 357.1 9.298917 224.5
v 358.3 9.198916 224.4
v 357.8 9.248917 224.4
v 358 9.198916 224.6
v 355.8 2.348916 227.2
v 357 2.098916 227.2
v 356 1.848916 226.4
v 355.7 2.098916 227
v 357.5 2.098916 227.2
v 357.8 2.148916 227.2
v 357.9 1.998916 226.9
v 357 2.098916 227.2
v 355.8 2.348916 227.2
v 355.9 2.398916 227.6
v 358 2.098916 228.4
v 357.8 2.148916 227.2
v 357.5 2.098916 227.2
v 357.7 2.248916 228.7
v 356.3 3.248916 230.1
v 356.8 3.098916 230
v 357.5 2.648916 229.4
v 354 0.04891622 228.1
v 354.6 0.04891622 226.8
v 355 0.04891622 225.9
v 358.4 0.04891622 204.8
v 332.8 0.04891622 204.8
v 332.8 0.04891622 230.4
v 355 0.04891622 225.9
v 356.3 0.04891622 224.4
v 358.4 0.04891622 204.8
v 380.7 0.04891622 210
v 381.1 0.04891622 209.6
v 384 0.04891622 204.8
v 358.4 0.04891622 204.8
v 381.1 0.04891622 209.6
v 381.5 0.04891622 209.6
v 384 0.04891622 204.8
v 358.4 9.198916 224.2
v 358.8 9.098917 223.9
v 358.4 9.148916 223.9
v 381 0.2489161 212.6
v 381 0.04891622 211.8
v 380.7 0.04891622 211.4
v 380.4 0.04891622 214
v 380.4 0.04891622 214
v 381.3 0.4989161 213
v 381 0.2489161 212.6
v 358.4 0.04891622 204.8
v 359.1 0.04891622 225.3
v 359.8 0.04891622 227
v 380.4 0.04891622 215
v 380.4 0.04891622 214
v 359.5 0.04891622 229.8
v 359.2 0.04891622 230.4
v 384 0.04891622 230.4
v 384 0.04891622 230.4
v 383.4 0.04891622 216.6
v 382.8 0.04891622 216.6
v 381.9 0.04891622 209.9
v 382.7 0.04891622 210.3
v 383.1 0.04891622 210.3
v 359.8 0.04891622 227
v 359.7 0.04891622 227.5
v 359.5 0.04891622 229.8
v 384 0.04891622 230.4
v 359.7 0.04891622 227.5
v 359.5 0.04891622 227.6
v 359.5 0.04891622 229.8
v 381.9 0.04891622 209.9
v 382 0.04891622 210.3
v 382.7 0.04891622 210.3
v 383.6 0.04891622 214.4
v 383.5 0.04891622 215.6
v 383.7 0.04891622 215.7
v 384 0.04891622 204.8
v 383.1 0.04891622 210.3
v 383.6 0.04891622 210.8
v 382.7 0.04891622 210.3
v 382 0.04891622 210.3
v 382.1 0.04891622 210.7
v 358.4 0.04891622 204.8
v 358.4 0.04891622 225
v 359.1 0.04891622 225.3
v 384 0.04891622 230.4
v 381.1 0.04891622 216.2
v 380.4 0.04891622 215
v 359.8 0.04891622 227
v 384 0.04891622 204.8
v 383.6 0.04891622 210.8
v 384 0.04891622 212.1
v 381.5 0.04891622 209.6
v 381.9 0.04891622 209.9
v 383.1 0.04891622 210.3
v 384 0.04891622 204.8
v 380.4 0.04891622 214
v 380.7 0.04891622 211.4
v 380.7 0.04891622 210
v 358.4 0.04891622 204.8
v 384 0.04891622 230.4
v 382.8 0.04891622 216.6
v 381.7 0.04891622 216.5
v 384 0.04891622 230.4
v 381.7 0.04891622 216.5
v 381.1 0.04891622 216.2
v 383.6 0.04891622 210.8
v 383.3 0.04891622 211.7
v 384 0.04891622 212.1
v 384 0.04891622 214.1
v 383.6 0.04891622 214.4
v 383.7 0.04891622 215.7
v 383.8 0.04891622 216.2
v 384 0.04891622 214.1
v 383.8 0.04891622 216.2
v 384 0.04891622 230.4
v 383.8 0.04891622 216.2
v 383.4 0.04891622 216.6
v 384 0.04891622 230.4
v 409.6 0.04891622 204.8
v 384 0.04891622 204.8
v 384 0.04891622 212.1
v 409.6 0.04891622 204.8
v 384 0.04891622 212.1
v 384 0.04891622 214.1
v 384 0.04891622 214.1
v 384 0.04891622 230.4
v 409.6 0.04891622 230.4
v 409.6 0.04891622 204.8
v 409.6 0.04891622 230.4
v 435.2 0.04891622 230.4
v 435.2 0.04891622 204.8
v 409.6 0.04891622 204.8
v 435.2 0.04891622 230.4
v 460.8 0.04891622 230.4
v 460.8 0.04891622 204.8
v 435.2 0.04891622 204.8
v 460.8 0.04891622 230.4
v 486.4 0.04891622 230.4
v 486.4 0.04891622 204.8
v 460.8 0.04891622 204.8
v 486.4 0.04891622 230.4
v 499.4 0.04891622 230.4
v 499.4 0.04891622 204.8
v 486.4 0.04891622 204.8
v 0.6 0.04891622 256
v 25.6 0.04891622 256
v 25.6 0.04891622 230.4
v 0.6 0.04891622 230.4
v 25.6 0.04891622 256
v 51.2 0.04891622 256
v 51.2 0.04891622 230.4
v 25.6 0.04891622 230.4
v 51.2 0.04891622 256
v 76.8 0.04891622 256
v 76.8 0.04891622 230.4
v 51.2 0.04891622 230.4
v 76.8 0.04891622 256
v 102.4 0.04891622 256
v 102.4 0.04891622 230.4
v 76.8 0.04891622 230.4
v 102.4 0.04891622 256
v 128 0.04891622 256
v 128 0.04891622 230.4
v 102.4 0.04891622 230.4
v 128 0.04891622 256
v 153.6 0.04891622 256
v 153.6 0.04891622 230.4
v 128 0.04891622 230.4
v 153.6 0.04891622 256
v 179.2 0.04891622 256
v 179.2 0.04891622 230.4
v 153.6 0.04891622 230.4
v 179.2 0.04891622 256
v 204.8 0.04891622 256
v 204.8 0.04891622 230.4
v 179.2 0.04891622 230.4
v 204.8 0.04891622 256
v 230.4 0.04891622 256
v 230.4 0.04891622 230.4
v 204.8 0.04891622 230.4
v 255 0.04891622 236.8
v 255.3 0.04891622 237
v 256 0.04891622 236.9
v 256 0.04891622 230.4
v 253.8 0.04891622 236.8
v 255 0.04891622 236.8
v 256 0.04891622 230.4
v 251.2 0.04891622 237.6
v 252.3 0.04891622 237.1
v 256 0.04891622 230.4
v 252.7 0.04891622 237.1
v 252.9 0.04891622 237.1
v 253.8 0.04891622 236.8
v 252.3 0.04891622 237.1
v 252.7 0.04891622 237.1
v 253.8 0.04891622 236.8
v 256 0.04891622 256
v 252.3 0.04891622 242.7
v 251.9 0.04891622 242.7
v 256 0.04891622 256
v 252.8 0.04891622 242.7
v 252.3 0.04891622 242.7
v 249.9 0.04891622 239.8
v 250.3 0.04891622 239.5
v 250.4 0.04891622 238.7
v 256 0.04891622 256
v 253.5 0.04891622 242.7
v 252.8 0.04891622 242.7
v 249.8 0.04891622 241.3
v 249.6 0.04891622 240.4
v 230.4 0.04891622 230.4
v 252.3 0.04891622 237.1
v 253.8 0.04891622 236.8
v 256 0.04891622 230.4
v 256 0.04891622 256
v 251.4 0.04891622 242.5
v 249.8 0.04891622 241.3
v 230.4 0.04891622 230.4
v 230.4 0.04891622 256
v 250.4 0.04891622 238.7
v 251.1 0.04891622 238
v 251.2 0.04891622 237.6
v 256 0.04891622 256
v 251.9 0.04891622 242.7
v 251.4 0.04891622 242.5
v 254.3 2.348916 238.5
v 254.5 1.848916 237.9
v 253.6 2.148916 238
v 253.2 2.398916 238.5
v 252.4 2.398916 238.5
v 252.7 2.348916 238.5
v 252.4 2.198916 238.3
v 254.5 2.148916 239.9
v 255 1.848916 239.7
v 254.3 2.148916 239.3
v 251.5 3.098916 239.7
v 251.5 3.248916 240.4
v 252.3 2.848916 240.6
v 251.6 2.898916 239.1
v 252.7 2.348916 238.5
v 252.4 2.398916 238.5
v 251.6 2.898916 239.1
v 254.3 2.148916 239.3
v 254.3 2.348916 238.5
v 253.2 2.398916 238.5
v 253.2 2.348916 240.6
v 253.8 2.098916 240.7
v 254.5 2.148916 239.9
v 254.3 2.148916 239.3
v 253.2 2.398916 238.5
v 252.7 2.348916 238.5
v 251.6 2.898916 239.1
v 252.3 2.848916 240.6
v 253.2 2.348916 240.6
v 254.3 2.148916 239.3
v 249.6 0.04891622 240.4
v 249.9 0.04891622 239.8
v 250.4 0.04891622 238.7
v 230.4 0.04891622 230.4
v 251.4 0.04891622 242.5
v 250.7 0.04891622 241.7
v 249.8 0.04891622 241.3
v 250.4 0.04891622 238.7
v 251.2 0.04891622 237.6
v 256 0.04891622 230.4
v 230.4 0.04891622 230.4
v 256 0.04891622 241.3
v 254.9 0.04891622 241.6
v 254.5 0.04891622 242.1
v 256 0.04891622 241.3
v 254.5 0.04891622 242.1
v 253.5 0.04891622 242.7
v 256 0.04891622 256
v 256 0.04891622 230.4
v 256 0.04891622 236.9
v 256.4 0.04891622 237.3
v 256 0.04891622 230.4
v 256.4 0.04891622 237.3
v 257 0.04891622 239.4
v 281.6 0.04891622 230.4
v 256.9 0.04891622 240
v 256 0.04891622 241.3
v 256 0.04891622 256
v 257 0.04891622 239.4
v 256.9 0.04891622 240
v 256 0.04891622 256
v 281.6 0.04891622 256
v 281.6 0.04891622 230.4
v 306.4 0.04891622 252.1
v 307 0.04891622 251.6
v 307.2 0.04891622 250.4
v 307.2 0.04891622 249.5
v 281.6 0.04891622 256
v 305.6 0.04891622 255.4
v 305.6 0.04891622 254.9
v 305.6 0.04891622 254.9
v 306.1 0.04891622 254
v 306.4 0.04891622 252.1
v 306.4 0.04891622 252.1
v 307.2 0.04891622 249.5
v 307.2 0.04891622 249.1
v 305.6 0.04891622 254.9
v 306.4 0.04891622 252.1
v 307.2 0.04891622 249.1
v 307.2 0.04891622 230.4
v 281.6 0.04891622 230.4
v 281.6 0.04891622 256
v 281.6 0.04891622 256
v 305.9 0.04891622 256
v 305.6 0.04891622 255.4
v 307.2 0.04891622 230.4
v 307.2 0.04891622 248.6
v 307.7 0.04891622 248.6
v 307.2 0.04891622 230.4
v 307.7 0.04891622 248.6
v 308.6 0.04891622 248.6
v 311.5 0.04891622 251
v 310.8 0.04891622 251.6
v 310.2 0.04891622 252.4
v 307.2 0.04891622 249.1
v 307.7 0.04891622 248.6
v 307.2 0.04891622 248.6
v 309.4 0.04891622 249.2
v 309.7 0.04891622 249.9
v 310.8 0.04891622 249.9
v 309.4 0.04891622 249.2
v 310.8 0.04891622 249.9
v 311.2 0.04891622 249.9
v 310 0.04891622 256
v 332.8 0.04891622 256
v 310.4 0.04891622 255.6
v 307.2 0.04891622 250.4
v 307.4 0.04891622 249.7
v 307.2 0.04891622 249.5
v 309.7 0.04891622 249.9
v 309.7 0.04891622 250.2
v 310.2 0.04891622 250.2
v 310.8 0.04891622 249.9
v 310.8 0.04891622 251.6
v 310.4 0.04891622 251.7
v 310.2 0.04891622 252.4
v 309.2 0.04891622 253.9
v 308.8 0.3989162 254.2
v 310.3 0.04891622 254.9
v 310.2 0.04891622 252.4
v 309.1 0.04891622 253
v 309.2 0.04891622 253.9
v 310.3 0.04891622 254.9
v 308.6 0.04891622 248.6
v 309.4 0.04891622 249.2
v 311.2 0.04891622 249.9
v 307.2 0.04891622 230.4
v 310.2 0.04891622 252.4
v 310.3 0.04891622 254.9
v 310.4 0.04891622 255.6
v 332.8 0.04891622 256
v 311.5 0.04891622 251
v 311.6 0.04891622 250.3
v 311.5 0.04891622 251
v 332.8 0.04891622 256
v 307.2 0.04891622 230.4
v 311.2 0.04891622 249.9
v 311.6 0.04891622 250.3
v 332.8 0.04891622 256
v 332.8 0.04891622 230.4
v 358.4 0.04891622 256
v 356.4 0.04891622 232
v 355.9 0.04891622 232
v 355.9 0.04891622 232
v 355.3 0.04891622 231.6
v 332.8 0.04891622 230.4
v 332.8 0.04891622 256
v 358.4 0.04891622 256
v 357.9 0.04891622 231.5
v 358.4 0.04891622 231.5
v 358.4 0.04891622 231.3
v 355.3 0.04891622 231.6
v 355 0.04891622 230.6
v 354.7 0.04891622 230.4
v 332.8 0.04891622 230.4
v 357.6 0.04891622 231.5
v 357.4 0.04891622 231.5
v 356.4 0.04891622 232
v 357.9 0.04891622 231.5
v 357.6 0.04891622 231.5
v 356.4 0.04891622 232
v 358.4 0.04891622 231.5
v 357.9 0.04891622 231.5
v 356.4 0.04891622 232
v 358.4 0.04891622 256
v 359.2 0.04891622 230.4
v 358.9 0.04891622 230.5
v 358.8 0.04891622 231
v 358.4 0.04891622 256
v 384 0.04891622 256
v 384 0.04891622 230.4
v 358.8 0.04891622 231
v 358.4 0.04891622 231.3
v 358.4 0.04891622 256
v 395.4 0.04891622 233.7
v 399 0.04891622 233.3
v 409.6 0.04891622 230.4
v 384 0.04891622 230.4
v 399 0.04891622 233.3
v 399.4 0.04891622 233.3
v 409.6 0.04891622 230.4
v 393.8 0.04891622 234.3
v 394.9 0.04891622 234
v 395.4 0.04891622 233.7
v 384 0.04891622 230.4
v 396.1 0.04891622 233.7
v 398.6 0.04891622 233.7
v 399 0.04891622 233.3
v 395.4 0.04891622 233.7
v 396.1 0.04891622 233.7
v 399 0.04891622 233.3
v 409.6 0.04891622 256
v 397.6 0.04891622 237.6
v 397.3 0.04891622 237.6
v 398.9 0.04891622 237.1
v 397.6 0.04891622 237.6
v 409.6 0.04891622 256
v 394.8 0.04891622 234.3
v 394.4 0.04891622 234.3
v 394.6 0.04891622 234.5
v 394.8 0.04891622 234.5
v 397.3 0.04891622 237.6
v 396.8 0.04891622 237
v 395.8 0.04891622 236.8
v 394.9 0.04891622 236.8
v 396.8 0.04891622 237
v 396.2 0.04891622 236.8
v 395.8 0.04891622 236.8
v 395.8 0.04891622 236.8
v 396.2 0.04891622 236.8
v 396 0.09891617 236.6
v 394.4 0.04891622 234.3
v 394.8 0.04891622 234.3
v 394.9 0.04891622 234
v 393.8 0.04891622 234.3
v 394.4 0.04891622 234.3
v 394.9 0.04891622 234
v 409.6 0.04891622 230.4
v 399.4 0.04891622 233.3
v 399.7 0.04891622 233.5
v 398.3 0.04891622 234.5
v 398.5 0.04891622 234.5
v 398.6 0.04891622 233.7
v 397.3 0.04891622 233.9
v 398.6 0.04891622 233.7
v 396.1 0.04891622 233.7
v 397.3 0.04891622 233.9
v 409.6 0.04891622 230.4
v 399.4 0.04891622 236.5
v 398.9 0.04891622 237.1
v 409.6 0.04891622 256
v 409.6 0.04891622 230.4
v 399.7 0.04891622 233.5
v 399.9 0.04891622 234.1
v 409.6 0.04891622 230.4
v 399.9 0.04891622 234.1
v 399.4 0.04891622 236.5
v 394 0.04891622 236.1
v 393.8 0.04891622 235.5
v 393.4 0.04891622 235.2
v 384 0.04891622 230.4
v 394.9 0.04891622 236.8
v 394.5 0.4489162 236.3
v 394 0.04891622 236.1
v 393.4 0.04891622 234.7
v 393.8 0.04891622 234.3
v 384 0.04891622 230.4
v 393.4 0.04891622 235.2
v 393.4 0.04891622 234.7
v 384 0.04891622 230.4
v 384 0.04891622 256
v 409.6 0.04891622 256
v 397.3 0.04891622 237.6
v 394.9 0.04891622 236.8
v 394.9 0.04891622 236.8
v 394 0.04891622 236.1
v 384 0.04891622 230.4
v 384 0.04891622 256
v 409.6 0.04891622 256
v 435.2 0.04891622 256
v 435.2 0.04891622 230.4
v 409.6 0.04891622 230.4
v 435.2 0.04891622 256
v 460.8 0.04891622 256
v 460.8 0.04891622 230.4
v 435.2 0.04891622 230.4
v 460.8 0.04891622 256
v 486.4 0.04891622 256
v 486.4 0.04891622 230.4
v 460.8 0.04891622 230.4
v 486.4 0.04891622 256
v 499.4 0.04891622 256
v 499.4 0.04891622 230.4
v 486.4 0.04891622 230.4
v 0.6 0.04891622 281.6
v 25.6 0.04891622 281.6
v 25.6 0.04891622 256
v 0.6 0.04891622 256
v 25.6 0.04891622 281.6
v 51.2 0.04891622 281.6
v 51.2 0.04891622 256
v 25.6 0.04891622 256
v 51.2 0.04891622 281.6
v 76.8 0.04891622 281.6
v 76.8 0.04891622 256
v 51.2 0.04891622 256
v 76.8 0.04891622 281.6
v 102.4 0.04891622 281.6
v 102.4 0.04891622 256
v 76.8 0.04891622 256
v 102.4 0.04891622 281.6
v 128 0.04891622 281.6
v 128 0.04891622 256
v 102.4 0.04891622 256
v 153.3 0.04891622 265.4
v 153.6 0.04891622 265
v 153.6 0.04891622 256
v 128 0.04891622 256
v 153.6 0.04891622 281.6
v 153.6 0.04891622 266.6
v 153.3 0.04891622 266.2
v 128 0.04891622 256
v 128 0.04891622 281.6
v 153.3 0.04891622 266.2
v 153.3 0.04891622 265.4
v 128 0.04891622 256
v 179.2 0.04891622 256
v 160.6 0.04891622 263.9
v 160.7 0.04891622 266.5
v 153.6 0.04891622 256
v 155.9 0.04891622 262.9
v 157 0.04891622 262.9
v 153.6 0.04891622 265
v 154.2 0.04891622 264.7
v 154.7 0.04891622 263.7
v 153.6 0.04891622 256
v 156.9 0.04891622 268.5
v 155.9 0.04891622 268.5
v 153.6 0.04891622 281.6
v 160.7 0.04891622 266.5
v 159 0.04891622 268
v 153.6 0.04891622 281.6
v 179.2 0.04891622 281.6
v 179.2 0.04891622 256
v 157 0.04891622 262.9
v 157.2 0.04891622 263
v 157.4 0.04891622 263
v 157 0.04891622 262.9
v 157.4 0.04891622 263
v 158.5 0.04891622 263
v 154.7 0.04891622 263.7
v 155.3 0.04891622 263.5
v 155.9 0.04891622 262.9
v 153.6 0.04891622 256
v 159 0.04891622 268
v 156.9 0.04891622 268.5
v 153.6 0.04891622 281.6
v 153.6 0.04891622 256
v 158.5 0.04891622 263
v 159.1 0.04891622 263.1
v 155.9 0.04891622 268.5
v 155.6 0.04891622 268.2
v 155.2 0.04891622 268.3
v 153.6 0.04891622 256
v 157 0.04891622 262.9
v 158.5 0.04891622 263
v 159 0.04891622 268
v 158.6 0.04891622 268
v 156.9 0.04891622 268.5
v 156.5 2.448916 264.4
v 157 2.398916 264.4
v 156.6 2.298916 264.1
v 158.5 2.248916 264.4
v 158.6 1.848916 264.2
v 157.7 2.248916 264.1
v 157.4 2.398916 264.4
v 158.2 2.148916 266.1
v 158.8 1.898916 266.1
v 158.1 2.148916 265.5
v 158.1 2.298916 265.1
v 158.5 2.248916 264.4
v 157.4 2.398916 264.4
v 157.9 2.148916 266.5
v 158.2 2.148916 266.1
v 158.1 2.148916 265.5
v 157.1 2.148916 266.6
v 158.1 2.148916 265.5
v 158.1 2.298916 265.1
v 157.4 2.398916 264.4
v 157 2.398916 264.4
v 155.5 2.948916 264.7
v 155.1 3.248916 265.8
v 156 2.748916 266.5
v 157.1 2.148916 266.6
v 158.1 2.148916 265.5
v 157 2.398916 264.4
v 157 2.398916 264.4
v 156.5 2.448916 264.4
v 155.5 2.948916 264.7
v 153.6 0.04891622 256
v 160.2 0.04891622 263.5
v 160.6 0.04891622 263.9
v 179.2 0.04891622 256
v 159.1 0.04891622 263.1
v 159.6 0.04891622 263.5
v 160.2 0.04891622 263.5
v 153.6 0.04891622 256
v 158.6 0.04891622 268
v 158.1 0.04891622 268
v 156.9 0.04891622 268.5
v 154.4 0.04891622 267.7
v 154.3 0.04891622 267.2
v 153.6 0.04891622 266.6
v 153.6 0.04891622 281.6
v 153.6 0.04891622 281.6
v 155.9 0.04891622 268.5
v 155.2 0.04891622 268.3
v 153.6 0.04891622 281.6
v 155.2 0.04891622 268.3
v 154.4 0.04891622 267.7
v 179.2 0.04891622 281.6
v 204.8 0.04891622 281.6
v 204.8 0.04891622 256
v 179.2 0.04891622 256
v 204.8 0.04891622 281.6
v 230.4 0.04891622 281.6
v 230.4 0.04891622 256
v 204.8 0.04891622 256
v 230.4 0.04891622 281.6
v 256 0.04891622 281.6
v 256 0.04891622 256
v 230.4 0.04891622 256
v 256 0.04891622 281.6
v 281.6 0.04891622 281.6
v 281.6 0.04891622 256
v 256 0.04891622 256
v 307.2 0.04891622 281.6
v 307 0.04891622 256.2
v 306.3 0.04891622 256.2
v 307 0.04891622 256.2
v 307.2 0.04891622 256.2
v 307.2 0.04891622 256.1
v 307.2 0.04891622 281.6
v 307.2 0.04891622 256.2
v 307 0.04891622 256.2
v 306.3 0.04891622 256.2
v 305.9 0.04891622 256
v 281.6 0.04891622 256
v 281.6 0.04891622 281.6
v 307.2 0.04891622 281.6
v 308.8 0.04891622 256.3
v 307.7 0.04891622 256.1
v 307.2 0.04891622 256.1
v 307.2 0.04891622 281.6
v 309.2 0.04891622 256.3
v 308.8 0.04891622 256.3
v 307.2 0.04891622 281.6
v 308.5 0.04891622 256.1
v 308.4 0.04891622 256
v 308.3 0.04891622 256
v 307.7 0.04891622 256.1
v 310 0.04891622 256
v 309.5 0.04891622 256
v 309.2 0.04891622 256.3
v 308.8 0.04891622 256.3
v 308.5 0.04891622 256.1
v 307.7 0.04891622 256.1
v 332.8 0.04891622 256
v 310 0.04891622 256
v 309.2 0.04891622 256.3
v 307.2 0.04891622 281.6
v 332.8 0.04891622 281.6
v 332.8 0.04891622 281.6
v 358.4 0.04891622 281.6
v 358.4 0.04891622 256
v 332.8 0.04891622 256
v 358.4 0.04891622 281.6
v 384 0.04891622 281.6
v 384 0.04891622 256
v 358.4 0.04891622 256
v 384 0.04891622 281.6
v 409.6 0.04891622 281.6
v 409.6 0.04891622 256
v 384 0.04891622 256
v 409.6 0.04891622 281.6
v 435.2 0.04891622 281.6
v 435.2 0.04891622 256
v 409.6 0.04891622 256
v 435.2 0.04891622 281.6
v 460.8 0.04891622 281.6
v 460.8 0.04891622 256
v 435.2 0.04891622 256
v 460.8 0.04891622 281.6
v 486.4 0.04891622 281.6
v 486.4 0.04891622 256
v 460.8 0.04891622 256
v 486.4 0.04891622 281.6
v 499.4 0.04891622 281.6
v 499.4 0.04891622 256
v 486.4 0.04891622 256
v 0.6 0.04891622 307.2
v 25.6 0.04891622 307.2
v 25.6 0.04891622 281.6
v 0.6 0.04891622 281.6
v 25.6 0.04891622 307.2
v 51.2 0.04891622 307.2
v 51.2 0.04891622 281.6
v 25.6 0.04891622 281.6
v 51.2 0.04891622 307.2
v 76.8 0.04891622 307.2
v 76.8 0.04891622 281.6
v 51.2 0.04891622 281.6
v 76.8 0.04891622 307.2
v 102.4 0.04891622 307.2
v 102.4 0.04891622 281.6
v 76.8 0.04891622 281.6
v 102.4 0.04891622 307.2
v 128 0.04891622 307.2
v 128 0.04891622 281.6
v 102.4 0.04891622 281.6
v 128 0.04891622 307.2
v 153.6 0.04891622 307.2
v 153.6 0.04891622 281.6
v 128 0.04891622 281.6
v 153.6 0.04891622 307.2
v 179.2 0.04891622 307.2
v 179.2 0.04891622 281.6
v 153.6 0.04891622 281.6
v 179.2 0.04891622 307.2
v 204.8 0.04891622 307.2
v 204.8 0.04891622 281.6
v 179.2 0.04891622 281.6
v 204.8 0.04891622 307.2
v 230.4 0.04891622 307.2
v 230.4 0.04891622 281.6
v 204.8 0.04891622 281.6
v 230.4 0.04891622 307.2
v 256 0.04891622 307.2
v 256 0.04891622 281.6
v 230.4 0.04891622 281.6
v 256 0.04891622 307.2
v 281.6 0.04891622 307.2
v 281.6 0.04891622 281.6
v 256 0.04891622 281.6
v 290.2 6.098916 307.2
v 290.3 6.098916 307.2
v 290.2 6.098916 307
v 281.6 0.04891622 281.6
v 291.8 0.04891622 303.4
v 292.2 0.04891622 303.4
v 292.2 0.04891622 303.4
v 292.8 0.04891622 303.9
v 307.2 0.04891622 307.2
v 307.2 0.04891622 281.6
v 281.6 0.04891622 281.6
v 289.7 0.04891622 305.1
v 290.5 0.04891622 304.9
v 290.5 0.04891622 304.7
v 292.8 0.04891622 303.9
v 292.9 0.6989161 304.5
v 293.9 0.04891622 305.4
v 307.2 0.04891622 307.2
v 291 0.04891622 306.7
v 290.5 0.04891622 306.4
v 290.1 0.04891622 306.4
v 290.5 0.04891622 306.4
v 290.9 0.04891622 306.4
v 290.8 0.04891622 306
v 291 0.04891622 306.7
v 290.9 0.04891622 306.4
v 290.5 0.04891622 306.4
v 293.9 0.04891622 305.4
v 293.8 0.04891622 306.3
v 307.2 0.04891622 307.2
v 293.8 0.04891622 306.3
v 293.1 0.04891622 307.2
v 307.2 0.04891622 307.2
v 290.5 0.04891622 304.7
v 291.2 0.04891622 304.2
v 291.4 0.04891622 303.7
v 281.6 0.04891622 307.2
v 289.7 0.04891622 305.1
v 291.7 0.04891622 307.2
v 291 0.04891622 306.7
v 290.1 0.04891622 306.4
v 281.6 0.04891622 307.2
v 281.6 0.04891622 307.2
v 289.6 0.04891622 305.9
v 289.7 0.04891622 305.1
v 281.6 0.04891622 307.2
v 291.4 0.04891622 303.7
v 291.8 0.04891622 303.4
v 281.6 0.04891622 281.6
v 281.6 0.04891622 307.2
v 290.1 0.04891622 306.4
v 289.6 0.04891622 305.9
v 307.2 0.04891622 307.2
v 332.8 0.04891622 307.2
v 332.8 0.04891622 281.6
v 307.2 0.04891622 281.6
v 337.2 0.04891622 292.3
v 338.7 0.3489163 292
v 332.8 0.04891622 281.6
v 332.8 0.04891622 281.6
v 338.7 0.3489163 292
v 339 0.04891622 292
v 340.6 0.04891622 293.8
v 340.3 0.04891622 294.3
v 332.8 0.04891622 307.2
v 358.4 0.04891622 307.2
v 358.4 0.04891622 281.6
v 337.2 0.04891622 292.3
v 337.8 0.6489162 292.4
v 338.7 0.3489163 292
v 338.6 0.04891622 294.9
v 338.1 0.04891622 294.9
v 332.8 0.04891622 307.2
v 339.7 0.04891622 294.7
v 338.6 0.04891622 294.9
v 332.8 0.04891622 307.2
v 358.4 0.04891622 281.6
v 340.4 0.04891622 292.9
v 340.6 0.04891622 293.8
v 339 0.04891622 292
v 339.4 0.5989162 292.5
v 340.4 0.04891622 292.9
v 358.4 0.04891622 281.6
v 332.8 0.04891622 281.6
v 340.3 0.04891622 294.3
v 339.9 0.04891622 294.4
v 339.7 0.04891622 294.7
v 332.8 0.04891622 307.2
v 336.7 0.04891622 292.7
v 337.2 0.04891622 292.3
v 332.8 0.04891622 281.6
v 336.6 0.04891622 293.4
v 336.7 0.04891622 292.7
v 332.8 0.04891622 281.6
v 332.8 0.04891622 307.2
v 332.8 0.04891622 307.2
v 338.1 0.04891622 294.9
v 336.6 0.04891622 293.4
v 384 0.04891622 281.6
v 382.8 0.04891622 285.2
v 383.4 0.04891622 286.3
v 381.5 0.04891622 284.8
v 382.2 0.04891622 284.8
v 384 0.04891622 281.6
v 384 0.04891622 281.6
v 383.4 0.04891622 286.3
v 383.4 0.04891622 286.8
v 384 0.04891622 307.2
v 380 0.04891622 285.3
v 380.6 0.6989162 285.4
v 381.5 0.04891622 284.8
v 384 0.04891622 307.2
v 381.2 0.04891622 288.9
v 380.6 0.04891622 288.9
v 383.1 0.04891622 287.3
v 382.7 0.04891622 287.4
v 382.5 0.04891622 287.7
v 382.5 0.04891622 287.7
v 381.5 0.04891622 287.8
v 381.6 0.04891622 288.5
v 383.4 0.04891622 286.8
v 383.1 0.04891622 287.3
v 384 0.04891622 307.2
v 382.5 0.04891622 287.7
v 381.6 0.04891622 288.5
v 381.2 0.04891622 288.9
v 384 0.04891622 307.2
v 383.1 0.04891622 287.3
v 380 0.04891622 285.3
v 381.5 0.04891622 284.8
v 384 0.04891622 281.6
v 384 0.04891622 281.6
v 382.2 0.04891622 284.8
v 382.8 0.04891622 285.2
v 380.2 0.04891622 288.5
v 380.3 0.04891622 287.8
v 379.4 0.04891622 286.4
v 379.5 0.04891622 285.6
v 380 0.04891622 285.3
v 384 0.04891622 281.6
v 358.4 0.04891622 281.6
v 384 0.04891622 307.2
v 380.6 0.04891622 288.9
v 380.2 0.04891622 288.5
v 384 0.04891622 307.2
v 380.2 0.04891622 288.5
v 379.4 0.04891622 286.4
v 358.4 0.04891622 281.6
v 358.4 0.04891622 307.2
v 379.4 0.04891622 286.4
v 379.5 0.04891622 285.6
v 358.4 0.04891622 281.6
v 384 0.04891622 307.2
v 409.6 0.04891622 307.2
v 409.6 0.04891622 281.6
v 384 0.04891622 281.6
v 409.6 0.04891622 307.2
v 435.2 0.04891622 307.2
v 435.2 0.04891622 281.6
v 409.6 0.04891622 281.6
v 435.2 0.04891622 307.2
v 460.8 0.04891622 307.2
v 460.8 0.04891622 281.6
v 435.2 0.04891622 281.6
v 460.8 0.04891622 307.2
v 486.4 0.04891622 307.2
v 486.4 0.04891622 281.6
v 460.8 0.04891622 281.6
v 486.4 0.04891622 307.2
v 499.4 0.04891622 307.2
v 499.4 0.04891622 281.6
v 486.4 0.04891622 281.6
v 0.6 0.04891622 332.8
v 25.6 0.04891622 332.8
v 25.6 0.04891622 307.2
v 0.6 0.04891622 307.2
v 25.6 0.04891622 332.8
v 51.2 0.04891622 332.8
v 51.2 0.04891622 307.2
v 25.6 0.04891622 307.2
v 51.2 0.04891622 332.8
v 76.8 0.04891622 332.8
v 76.8 0.04891622 307.2
v 51.2 0.04891622 307.2
v 76.8 0.04891622 332.8
v 81.2 0.04891622 314.4
v 80.8 0.04891622 314
v 76.8 0.04891622 307.2
v 82.2 0.04891622 309.1
v 82.5 0.04891622 309.1
v 83.3 0.04891622 309.7
v 83.8 0.04891622 310.4
v 102.4 0.04891622 307.2
v 81.60001 0.04891622 314.4
v 81.2 0.04891622 314.4
v 76.8 0.04891622 332.8
v 102.4 0.04891622 307.2
v 76.8 0.04891622 307.2
v 82.5 0.04891622 309.1
v 80.2 0.04891622 311.8
v 80.3 0.04891622 310.9
v 76.8 0.04891622 307.2
v 80.8 0.04891622 310
v 81.10001 0.04891622 309.6
v 76.8 0.04891622 307.2
v 83.4 0.04891622 314.1
v 83 0.04891622 314.1
v 81.60001 0.04891622 314.4
v 81.10001 0.04891622 309.6
v 82.2 0.04891622 309.1
v 76.8 0.04891622 307.2
v 83.8 0.04891622 310.4
v 83.9 0.04891622 311.6
v 84.3 0.04891622 311.9
v 80.3 0.04891622 310.9
v 80.8 0.04891622 310
v 76.8 0.04891622 307.2
v 80.8 0.04891622 314
v 80.8 0.04891622 313.5
v 80.2 0.04891622 311.8
v 76.8 0.04891622 307.2
v 76.8 0.04891622 332.8
v 80.8 0.04891622 313.5
v 81.10001 0.04891622 313.1
v 81 0.04891622 312.7
v 80.2 0.04891622 311.8
v 82.5 0.04891622 309.1
v 82.9 0.04891622 309.6
v 83.3 0.04891622 309.7
v 102.4 0.04891622 307.2
v 81.3 0.04891622 312.7
v 81.60001 0.04891622 312.7
v 81.7 0.04891622 312.6
v 81.5 0.04891622 313
v 81.60001 0.04891622 312.7
v 81.3 0.04891622 312.7
v 81.10001 0.04891622 313.1
v 81.5 0.04891622 313
v 81.3 0.04891622 312.7
v 81 0.04891622 312.7
v 83 0.04891622 314.1
v 82.4 0.04891622 314.1
v 81.60001 0.04891622 314.4
v 82.4 0.04891622 314.1
v 83 0.04891622 314.1
v 82.5 0.04891622 313.8
v 80.3 0.04891622 310.9
v 80.8 0.04891622 310.5
v 80.8 0.04891622 310
v 83.8 0.04891622 310.4
v 84.3 0.04891622 311.9
v 84.60001 0.04891622 312.5
v 102.4 0.04891622 307.2
v 102.4 0.04891622 307.2
v 84.4 0.04891622 313.6
v 83.4 0.04891622 314.1
v 76.8 0.04891622 332.8
v 102.4 0.04891622 332.8
v 102.4 0.04891622 307.2
v 84.60001 0.04891622 312.5
v 84.4 0.04891622 313.6
v 83.4 0.04891622 314.1
v 81.60001 0.04891622 314.4
v 76.8 0.04891622 332.8
v 102.4 0.04891622 332.8
v 128 0.04891622 332.8
v 128 0.04891622 307.2
v 102.4 0.04891622 307.2
v 128 0.04891622 332.8
v 153.6 0.04891622 332.8
v 153.6 0.04891622 307.2
v 128 0.04891622 307.2
v 153.6 0.04891622 332.8
v 179.2 0.04891622 332.8
v 179.2 0.04891622 307.2
v 153.6 0.04891622 307.2
v 179.2 0.04891622 332.8
v 183.7 0.3489163 321.4
v 183.7 0.04891622 320.6
v 179.2 0.04891622 307.2
v 179.2 0.04891622 307.2
v 185.4 0.04891622 319.7
v 185.9 0.04891622 319.7
v 183.7 0.04891622 320.6
v 184.2 0.04891622 320
v 179.2 0.04891622 307.2
v 186.9 0.04891622 323.4
v 186.4 0.04891622 323.4
v 179.2 0.04891622 332.8
v 186.4 0.04891622 323.4
v 184.7 0.04891622 323.4
v 179.2 0.04891622 332.8
v 179.2 0.04891622 332.8
v 184.1 0.04891622 323.4
v 183.7 0.04891622 323
v 184.7 0.04891622 323.4
v 184.1 0.04891622 323.4
v 179.2 0.04891622 332.8
v 184.2 0.04891622 320
v 185.2 0.04891622 319.9
v 185.4 0.04891622 319.7
v 179.2 0.04891622 307.2
v 186.7 0.04891622 320.9
v 186.5 0.04891622 322
v 187 0.04891622 322
v 186.7 0.04891622 320.9
v 187 0.04891622 322
v 187.4 0.04891622 322.4
v 184.7 0.04891622 323.4
v 186.4 0.04891622 323.4
v 185.8 0.04891622 323.3
v 183.7 0.04891622 323
v 183.9 0.7989163 321.7
v 183.7 0.3489163 321.4
v 179.2 0.04891622 332.8
v 186.4 0.04891622 323.4
v 186 0.04891622 323.1
v 185.8 0.04891622 323.3
v 186.4 0.04891622 320.1
v 186.7 0.04891622 320.9
v 187.4 0.04891622 322.4
v 204.8 0.04891622 332.8
v 187.3 0.04891622 323.1
v 186.9 0.04891622 323.4
v 179.2 0.04891622 332.8
v 204.8 0.04891622 332.8
v 179.2 0.04891622 307.2
v 185.9 0.04891622 319.7
v 186.4 0.04891622 320.1
v 204.8 0.04891622 332.8
v 204.8 0.04891622 307.2
v 187.4 0.04891622 322.4
v 187.3 0.04891622 323.1
v 204.8 0.04891622 332.8
v 204.8 0.04891622 332.8
v 230.4 0.04891622 332.8
v 230.4 0.04891622 307.2
v 204.8 0.04891622 307.2
v 234.3 5.798916 332.8
v 236.4 6.398916 332.8
v 235.7 6.348917 332.6
v 234.4 5.848916 332.6
v 230.4 0.04891622 307.2
v 236 0.04891622 329.9
v 237.3 0.04891622 329.9
v 230.4 0.04891622 332.8
v 234.8 0.04891622 330.3
v 235.2 0.04891622 330
v 230.4 0.04891622 307.2
v 233.9 0.04891622 332.3
v 234.4 0.04891622 332
v 234.7 0.04891622 331.4
v 234.8 0.04891622 330.3
v 236.4 6.398916 332.8
v 236 6.398916 332.6
v 235.7 6.348917 332.6
v 236.4 6.398916 332.8
v 236.3 6.398916 332.6
v 236 6.398916 332.6
v 234.4 5.848916 332.6
v 235.7 6.348917 332.6
v 235.3 6.098916 332.2
v 237.9 0.04891622 331.2
v 237.5 0.04891622 331.7
v 237.7 0.04891622 332.2
v 237.9 0.04891622 331.2
v 237.7 0.04891622 332.2
v 237.6 0.04891622 332.8
v 256 0.04891622 332.8
v 235.2 0.04891622 330
v 236 0.04891622 329.9
v 230.4 0.04891622 307.2
v 233.6 0.04891622 332.8
v 233.9 0.04891622 332.3
v 234.8 0.04891622 330.3
v 230.4 0.04891622 332.8
v 235.3 6.098916 332.2
v 235.4 5.748917 331.8
v 234.9 5.648916 331.7
v 234.4 5.848916 332.6
v 238 0.04891622 330.5
v 237.9 0.04891622 331.2
v 256 0.04891622 332.8
v 237.3 0.04891622 329.9
v 238 0.04891622 330.5
v 256 0.04891622 332.8
v 256 0.04891622 307.2
v 230.4 0.04891622 307.2
v 256 0.04891622 332.8
v 281.6 0.04891622 332.8
v 281.6 0.04891622 307.2
v 256 0.04891622 307.2
v 292.3 0.04891622 307.5
v 291.7 0.04891622 307.2
v 281.6 0.04891622 307.2
v 281.6 0.04891622 332.8
v 292.7 0.04891622 307.5
v 292.3 0.04891622 307.5
v 281.6 0.04891622 332.8
v 307.2 0.04891622 307.2
v 293.1 0.04891622 307.2
v 292.7 0.04891622 307.5
v 281.6 0.04891622 332.8
v 307.2 0.04891622 332.8
v 307.2 0.04891622 332.8
v 332.8 0.04891622 332.8
v 332.8 0.04891622 307.2
v 307.2 0.04891622 307.2
v 332.8 0.04891622 332.8
v 358.4 0.04891622 332.8
v 358.4 0.04891622 307.2
v 332.8 0.04891622 307.2
v 358.4 0.04891622 332.8
v 384 0.04891622 332.8
v 384 0.04891622 307.2
v 358.4 0.04891622 307.2
v 384 0.04891622 332.8
v 409.6 0.04891622 332.8
v 409.6 0.04891622 307.2
v 384 0.04891622 307.2
v 409.6 0.04891622 332.8
v 435.2 0.04891622 332.8
v 435.2 0.04891622 307.2
v 409.6 0.04891622 307.2
v 435.2 0.04891622 332.8
v 460.8 0.04891622 332.8
v 460.8 0.04891622 307.2
v 435.2 0.04891622 307.2
v 460.8 0.04891622 332.8
v 486.4 0.04891622 332.8
v 486.4 0.04891622 307.2
v 460.8 0.04891622 307.2
v 486.4 0.04891622 332.8
v 499.4 0.04891622 332.8
v 499.4 0.04891622 307.2
v 486.4 0.04891622 307.2
v 0.6 0.04891622 358.4
v 25.6 0.04891622 358.4
v 25.6 0.04891622 332.8
v 0.6 0.04891622 332.8
v 25.6 0.04891622 358.4
v 51.2 0.04891622 358.4
v 51.2 0.04891622 332.8
v 25.6 0.04891622 332.8
v 51.2 0.04891622 358.4
v 76.8 0.04891622 358.4
v 76.8 0.04891622 332.8
v 51.2 0.04891622 332.8
v 94 0.04891622 341.1
v 94.10001 0.04891622 340.3
v 76.8 0.04891622 332.8
v 96.10001 0.04891622 339.5
v 96.8 0.04891622 339.5
v 102.4 0.04891622 332.8
v 102.4 0.04891622 358.4
v 95.2 0.04891622 343.6
v 94.8 0.04891622 343.2
v 76.8 0.04891622 332.8
v 76.8 0.04891622 358.4
v 94.60001 0.04891624 340
v 95.2 0.6989162 340.1
v 96.10001 0.04891622 339.5
v 102.4 0.04891622 358.4
v 95.8 0.04891622 343.6
v 95.2 0.04891622 343.6
v 94.10001 0.04891622 340.3
v 94.60001 0.04891622 340
v 102.4 0.04891622 332.8
v 76.8 0.04891622 332.8
v 94.60001 0.04891622 340
v 96.10001 0.04891622 339.5
v 102.4 0.04891622 332.8
v 94.8 0.04891622 343.2
v 94.9 0.04891622 342.5
v 94 0.04891622 341.1
v 76.8 0.04891622 332.8
v 96.60001 0.04891622 342.6
v 96.3 0.04891622 342.6
v 96.2 0.04891622 343.2
v 102.4 0.04891622 332.8
v 96.8 0.04891622 339.5
v 97.4 0.04891622 339.9
v 96.3 0.04891622 342.6
v 96.10001 0.04891622 342.6
v 96.2 0.04891622 343.2
v 97.7 0.04891622 342
v 96.60001 0.04891622 342.6
v 96.2 0.04891622 343.2
v 97.7 0.04891622 342
v 96.2 0.04891622 343.2
v 95.8 0.04891622 343.6
v 102.4 0.04891622 358.4
v 102.4 0.04891622 332.8
v 97.4 0.04891622 339.9
v 98 0.04891622 341
v 102.4 0.04891622 332.8
v 98 0.04891622 341
v 98 0.04891622 341.5
v 102.4 0.04891622 358.4
v 98 0.04891622 341.5
v 97.7 0.04891622 342
v 102.4 0.04891622 358.4
v 102.4 0.04891622 358.4
v 128 0.04891622 358.4
v 128 0.04891622 332.8
v 102.4 0.04891622 332.8
v 128 0.04891622 358.4
v 153.6 0.04891622 358.4
v 153.6 0.04891622 332.8
v 128 0.04891622 332.8
v 153.6 0.04891622 358.4
v 179.2 0.04891622 358.4
v 179.2 0.04891622 332.8
v 153.6 0.04891622 332.8
v 179.2 0.04891622 358.4
v 204.8 0.04891622 358.4
v 204.8 0.04891622 332.8
v 179.2 0.04891622 332.8
v 204.8 0.04891622 358.4
v 230.4 0.04891622 358.4
v 230.4 0.04891622 332.8
v 204.8 0.04891622 332.8
v 236.3 0.04891622 334.4
v 235.6 0.04891622 334.4
v 234.9 0.04891622 334.6
v 234.9 0.04891622 334.6
v 234.3 0.04891622 334.6
v 230.4 0.04891622 358.4
v 234.3 5.798916 332.8
v 234.4 5.798916 333.3
v 234.7 5.798916 333.3
v 234.3 5.798916 332.8
v 234.7 5.798916 333.3
v 235 6.098916 333.3
v 237.2 5.698916 333.3
v 237 5.748917 333
v 236.4 6.398916 332.8
v 234.3 5.798916 332.8
v 235 6.098916 333.3
v 234.3 0.04891622 334.6
v 233.4 0.04891622 333.8
v 230.4 0.04891622 332.8
v 230.4 0.04891622 358.4
v 233.4 0.04891622 333.8
v 233.6 0.04891622 332.8
v 230.4 0.04891622 332.8
v 236.3 6.348917 333.6
v 237.5 5.548916 333.6
v 237.2 5.698916 333.3
v 235 6.098916 333.3
v 235.6 6.348917 333.6
v 236 6.398916 333.6
v 236 6.398916 333.6
v 236.3 6.348917 333.6
v 237.2 5.698916 333.3
v 235 6.098916 333.3
v 236 6.398916 333.6
v 235.6 6.348917 333.6
v 235.7 6.298917 333.8
v 237.8 5.298916 333.9
v 237.7 5.398916 333.6
v 237.5 5.548916 333.6
v 236.6 5.898916 333.8
v 236.7 5.648916 334.4
v 237.2 5.498917 334.6
v 237.5 5.548916 333.6
v 236.3 6.348917 333.6
v 236.6 5.898916 333.8
v 235.2 0.04891622 334.4
v 235.6 0.04891622 334.4
v 235.3 0.04891622 334.2
v 235.6 0.04891622 334.4
v 235.2 0.04891622 334.4
v 234.9 0.04891622 334.6
v 256 0.04891622 332.8
v 237.6 0.04891622 332.8
v 237.3 0.04891622 333.7
v 256 0.04891622 332.8
v 237.3 0.04891622 333.7
v 236.3 0.04891622 334.4
v 256 0.04891622 332.8
v 236.3 0.04891622 334.4
v 234.9 0.04891622 334.6
v 230.4 0.04891622 358.4
v 256 0.04891622 358.4
v 256 0.04891622 358.4
v 281.6 0.04891622 358.4
v 281.6 0.04891622 332.8
v 256 0.04891622 332.8
v 305 0.04891622 350.4
v 307.2 0.04891622 350.4
v 307.2 0.04891622 332.8
v 304.4 0.04891622 350.4
v 305 0.04891622 350.4
v 307.2 0.04891622 332.8
v 303.1 0.04891622 351.9
v 304.4 0.04891622 350.4
v 307.2 0.04891622 332.8
v 302.1 0.04891622 354.1
v 302.7 0.04891622 353.3
v 302.7 0.04891622 352.8
v 305.7 0.04891622 357.5
v 305.5 0.04891622 357.5
v 304.5 0.04891622 358
v 307.2 0.04891622 358.4
v 304.5 0.04891622 358
v 304 0.04891622 358
v 302.1 0.04891622 354.1
v 302.7 0.04891622 352.8
v 303.1 0.04891622 351.9
v 307.2 0.04891622 332.8
v 281.6 0.04891622 332.8
v 281.6 0.04891622 358.4
v 281.6 0.04891622 358.4
v 304 0.04891622 358
v 303.4 0.04891622 357.6
v 303.4 0.04891622 357.6
v 303.1 0.04891622 356.6
v 302.4 0.04891622 355.8
v 281.6 0.04891622 358.4
v 307.2 0.04891622 351.3
v 307.2 0.04891622 350.4
v 305 0.04891622 350.4
v 303.9 2.348916 353.2
v 305.1 2.098916 353.2
v 304.1 1.848916 352.4
v 303.8 2.098916 353
v 305.6 2.098916 353.2
v 305.9 2.148916 353.2
v 306 1.998916 352.9
v 305.1 2.098916 353.2
v 303.9 2.348916 353.2
v 304 2.398916 353.6
v 306.1 2.098916 354.4
v 305.9 2.148916 353.2
v 305.6 2.098916 353.2
v 305.8 2.248916 354.7
v 304.4 3.248916 356.1
v 304.9 3.098916 356
v 305.6 2.648916 355.4
v 304.4 3.248916 356.1
v 305.6 2.648916 355.4
v 305.8 2.248916 354.7
v 305.6 2.098916 353.2
v 304 2.398916 353.6
v 303.6 2.998916 355.5
v 305.6 2.098916 353.2
v 305.1 2.098916 353.2
v 304 2.398916 353.6
v 304 2.398916 353.6
v 303.6 2.348916 354.1
v 303.6 2.998916 355.5
v 281.6 0.04891622 358.4
v 307.2 0.04891622 358.4
v 304 0.04891622 358
v 281.6 0.04891622 358.4
v 302.4 0.04891622 355.8
v 302.1 0.04891622 354.1
v 307.2 0.04891622 356.5
v 307 0.04891622 356.5
v 306.8 0.04891622 357.1
v 307.2 0.04891622 358.4
v 306 0.04891622 357.5
v 305.7 0.04891622 357.5
v 304.5 0.04891622 358
v 307.2 0.04891622 358.4
v 307.2 0.04891622 358.4
v 306.8 0.04891622 357.1
v 306 0.04891622 357.5
v 307.8 0.04891622 353.5
v 307.6 0.04891622 353.6
v 307.6 0.04891622 355.8
v 307.6 0.04891622 355.8
v 307.2 0.04891622 356.5
v 307.2 0.04891622 358.4
v 332.8 0.04891622 358.4
v 307.9 0.04891622 353
v 307.8 0.04891622 353.5
v 307.6 0.04891622 355.8
v 332.8 0.04891622 358.4
v 307.2 0.04891622 332.8
v 307.2 0.04891622 351.3
v 307.9 0.04891622 353
v 332.8 0.04891622 358.4
v 332.8 0.04891622 332.8
v 332.8 0.04891622 358.4
v 358.4 0.04891622 358.4
v 358.4 0.04891622 332.8
v 332.8 0.04891622 332.8
v 358.4 0.04891622 358.4
v 384 0.04891622 358.4
v 384 0.04891622 332.8
v 358.4 0.04891622 332.8
v 384 0.04891622 358.4
v 409.6 0.04891622 358.4
v 409.6 0.04891622 332.8
v 384 0.04891622 332.8
v 409.6 0.04891622 358.4
v 435.2 0.04891622 358.4
v 435.2 0.04891622 332.8
v 409.6 0.04891622 332.8
v 435.2 0.04891622 358.4
v 460.8 0.04891622 358.4
v 460.8 0.04891622 332.8
v 435.2 0.04891622 332.8
v 460.8 0.04891622 358.4
v 486.4 0.04891622 358.4
v 486.4 0.04891622 332.8
v 460.8 0.04891622 332.8
v 486.4 0.04891622 358.4
v 499.4 0.04891622 358.4
v 499.4 0.04891622 332.8
v 486.4 0.04891622 332.8
v 0.6 0.04891622 384
v 25.6 0.04891622 384
v 25.6 0.04891622 358.4
v 0.6 0.04891622 358.4
v 25.6 0.04891622 384
v 51.2 0.04891622 384
v 51.2 0.04891622 358.4
v 25.6 0.04891622 358.4
v 51.2 0.04891622 384
v 76.8 0.04891622 384
v 76.8 0.04891622 358.4
v 51.2 0.04891622 358.4
v 76.8 0.04891622 384
v 102.4 0.04891622 384
v 102.4 0.04891622 358.4
v 76.8 0.04891622 358.4
v 102.4 0.04891622 384
v 128 0.04891622 384
v 128 0.04891622 358.4
v 102.4 0.04891622 358.4
v 128 0.04891622 384
v 153.6 0.04891622 384
v 153.6 0.04891622 358.4
v 128 0.04891622 358.4
v 153.6 0.04891622 384
v 179.2 0.04891622 384
v 179.2 0.04891622 358.4
v 153.6 0.04891622 358.4
v 179.2 0.04891622 384
v 204.8 0.04891622 384
v 204.8 0.04891622 358.4
v 179.2 0.04891622 358.4
v 204.8 0.04891622 384
v 230.4 0.04891622 384
v 230.4 0.04891622 358.4
v 204.8 0.04891622 358.4
v 230.4 0.04891622 384
v 256 0.04891622 384
v 256 0.04891622 358.4
v 230.4 0.04891622 358.4
v 256 0.04891622 384
v 281.6 0.04891622 384
v 281.6 0.04891622 358.4
v 256 0.04891622 358.4
v 281.6 0.04891622 384
v 307.2 0.04891622 384
v 307.2 0.04891622 358.4
v 281.6 0.04891622 358.4
v 307.2 0.04891622 384
v 332.8 0.04891622 384
v 332.8 0.04891622 358.4
v 307.2 0.04891622 358.4
v 347.1 0.04891622 359.3
v 358.4 0.04891622 358.4
v 332.8 0.04891622 358.4
v 347.1 0.04891622 359.3
v 347.5 0.04891622 359.3
v 358.4 0.04891622 358.4
v 332.8 0.04891622 384
v 358.4 0.04891622 384
v 345.7 0.04891622 363.6
v 345.4 0.04891622 363.6
v 344.2 0.04891622 359.7
v 346.7 0.04891622 359.7
v 347.1 0.04891622 359.3
v 343.5 0.04891622 359.7
v 344.2 0.04891622 359.7
v 347.1 0.04891622 359.3
v 343.5 0.04891622 359.7
v 347.1 0.04891622 359.3
v 332.8 0.04891622 358.4
v 347 0.04891622 363.1
v 345.7 0.04891622 363.6
v 358.4 0.04891622 384
v 341.5 0.04891622 360.7
v 341.9 0.04891622 360.3
v 332.8 0.04891622 358.4
v 341.9 0.04891622 360.3
v 343 0.04891622 360
v 343.5 0.04891622 359.7
v 332.8 0.04891622 358.4
v 358.4 0.04891622 358.4
v 347.5 0.04891622 359.3
v 347.8 0.04891622 359.5
v 345.4 0.04891622 363.6
v 344.9 0.04891622 363
v 343.9 0.04891622 362.8
v 343 0.04891622 362.8
v 342.5 0.04891622 360.3
v 342.9 0.04891622 360.3
v 343 0.04891622 360
v 341.9 0.04891622 360.3
v 342.5 0.04891622 360.3
v 343 0.04891622 360
v 358.4 0.04891622 358.4
v 347.8 0.04891622 359.5
v 348 0.04891622 360.1
v 346.4 0.04891622 360.5
v 346.6 0.04891622 360.5
v 346.7 0.04891622 359.7
v 345.4 0.04891622 359.9
v 346.7 0.04891622 359.7
v 344.2 0.04891622 359.7
v 345.4 0.04891622 359.9
v 358.4 0.04891622 358.4
v 347.5 0.04891622 362.5
v 347 0.04891622 363.1
v 358.4 0.04891622 384
v 343.9 0.04891622 362.8
v 344.3 0.04891622 362.8
v 344.1 0.09891617 362.6
v 358.4 0.04891622 358.4
v 348 0.04891622 360.1
v 347.5 0.04891622 362.5
v 344.9 0.04891622 363
v 344.3 0.04891622 362.8
v 343.9 0.04891622 362.8
v 342.9 0.04891622 360.3
v 342.5 0.04891622 360.3
v 342.7 0.04891622 360.5
v 342.9 0.04891622 360.5
v 342.1 0.04891622 362.1
v 341.9 0.04891622 361.5
v 341.5 0.04891622 361.2
v 332.8 0.04891622 358.4
v 343 0.04891622 362.8
v 342.6 0.4489162 362.3
v 342.1 0.04891625 362.1
v 332.8 0.04891622 358.4
v 332.8 0.04891622 384
v 341.5 0.04891622 361.2
v 341.5 0.04891622 360.7
v 332.8 0.04891622 358.4
v 332.8 0.04891622 384
v 345.4 0.04891622 363.6
v 343 0.04891622 362.8
v 358.4 0.04891622 384
v 384 0.04891622 384
v 384 0.04891622 358.4
v 358.4 0.04891622 358.4
v 384 0.04891622 384
v 409.6 0.04891622 384
v 409.6 0.04891622 358.4
v 384 0.04891622 358.4
v 409.6 0.04891622 384
v 435.2 0.04891622 384
v 435.2 0.04891622 358.4
v 409.6 0.04891622 358.4
v 435.2 0.04891622 384
v 460.8 0.04891622 384
v 460.8 0.04891622 358.4
v 435.2 0.04891622 358.4
v 460.8 0.04891622 384
v 486.4 0.04891622 384
v 486.4 0.04891622 358.4
v 460.8 0.04891622 358.4
v 486.4 0.04891622 384
v 499.4 0.04891622 384
v 499.4 0.04891622 358.4
v 486.4 0.04891622 358.4
v 0.6 0.04891622 409.6
v 25.6 0.04891622 409.6
v 25.6 0.04891622 384
v 0.6 0.04891622 384
v 25.6 0.04891622 409.6
v 51.2 0.04891622 409.6
v 51.2 0.04891622 384
v 25.6 0.04891622 384
v 51.2 0.04891622 409.6
v 76.8 0.04891622 409.6
v 76.8 0.04891622 384
v 51.2 0.04891622 384
v 76.8 0.04891622 409.6
v 102.4 0.04891622 409.6
v 102.4 0.04891622 384
v 76.8 0.04891622 384
v 110.2 0.04891622 392.6
v 110 0.04891622 392.6
v 109.6 0.04891622 392.8
v 102.4 0.04891622 384
v 108.1 0.04891622 386.8
v 108.4 0.04891622 386.8
v 106.2 0.04891622 387
v 108.1 0.04891622 386.8
v 102.4 0.04891622 384
v 105.6 0.04891622 390.9
v 105.1 0.04891622 389.7
v 104.7 0.04891622 389.4
v 128 0.04891622 384
v 102.4 0.04891622 384
v 108.4 0.04891622 386.8
v 109.6 0.04891622 392.8
v 108.5 0.04891622 392.8
v 102.4 0.04891622 409.6
v 108.5 0.04891622 392.8
v 108.3 0.04891622 392.8
v 102.4 0.04891622 409.6
v 108.3 0.04891622 392.8
v 107.7 0.04891622 392.8
v 102.4 0.04891622 409.6
v 102.4 0.04891622 409.6
v 106.2 0.04891622 391.5
v 105.6 0.04891622 390.9
v 102.4 0.04891622 409.6
v 105.6 0.04891622 390.9
v 104.7 0.04891622 389.4
v 108.4 0.04891622 386.8
v 109 0.04891622 387.4
v 110.8 0.04891622 388
v 128 0.04891622 384
v 104.7 0.04891622 389.4
v 104.7 0.04891622 388.9
v 102.4 0.04891622 384
v 102.4 0.04891622 409.6
v 107.7 0.04891622 392.8
v 106.7 0.04891622 391.7
v 106.2 0.04891622 391.5
v 102.4 0.04891622 409.6
v 110.9 0.04891622 392.6
v 110.2 0.04891622 392.6
v 109.6 0.04891622 392.8
v 104.7 0.04891622 388.9
v 105.6 0.04891622 388
v 106.2 0.04891622 387
v 102.4 0.04891622 384
v 108.1 2.148916 388.9
v 107.6 1.948916 388.6
v 107.6 2.148916 389.4
v 107.7 2.398916 390.9
v 107.9 2.298916 391.4
v 108.4 2.548916 391.3
v 109.1 2.198916 389.2
v 109.1 2.098916 389
v 108.1 2.148916 388.9
v 107.6 2.148916 389.4
v 107.6 2.148916 389.4
v 106.4 1.848916 390.1
v 107.1 2.248916 390.8
v 107.7 2.398916 390.9
v 107.7 2.398916 390.9
v 108.4 2.548916 391.3
v 109.6 3.098916 391.3
v 109.7 2.548916 389.6
v 109.1 2.198916 389.2
v 107.6 2.148916 389.4
v 109.6 3.098916 391.3
v 110.1 3.248916 391.1
v 109.7 2.548916 389.6
v 109.6 3.098916 391.3
v 108.4 2.548916 391.3
v 108.8 2.748916 391.6
v 109.3 2.998916 391.6
v 128 0.04891622 384
v 110.8 0.04891622 388
v 111.8 0.04891622 389.4
v 128 0.04891622 384
v 111.8 0.04891622 389.4
v 111.8 0.04891622 391.9
v 128 0.04891622 384
v 111.8 0.04891622 391.9
v 111.5 0.04891622 392.4
v 102.4 0.04891622 409.6
v 128 0.04891622 409.6
v 110.9 0.04891622 392.6
v 109.6 0.04891622 392.8
v 102.4 0.04891622 409.6
v 111.5 0.04891622 392.4
v 110.9 0.04891622 392.6
v 102.4 0.04891622 409.6
v 153.6 0.04891622 384
v 148.5 0.04891622 393.5
v 149.2 0.04891622 393.9
v 147.7 0.04891622 393.5
v 148.5 0.04891622 393.5
v 153.6 0.04891622 384
v 128 0.04891622 409.6
v 146.5 0.04891622 399.5
v 146.5 0.04891622 399
v 148.2 0.04891622 395.1
v 148.1 0.04891622 394.8
v 147.5 0.04891622 394.6
v 147.1 0.04891622 396
v 128 0.04891622 409.6
v 146.5 0.04891622 398
v 146.5 0.04891622 397.2
v 146.5 0.04891622 397.2
v 146.8 0.04891622 396.9
v 147.1 0.04891622 396
v 147.5 0.04891622 394.6
v 147.3 0.04891622 394.2
v 149.2 0.04891622 393.9
v 149.3 0.04891622 394.2
v 150.6 0.04891622 394.9
v 153.6 0.04891622 384
v 153.6 0.04891622 409.6
v 146.9 0.04891622 399.9
v 146.5 0.04891622 399.5
v 128 0.04891622 409.6
v 153.6 0.04891622 409.6
v 147.4 0.04891622 399.9
v 146.9 0.04891622 399.9
v 147.4 0.04891622 393.7
v 147.7 0.04891622 393.5
v 153.6 0.04891622 384
v 128 0.04891622 384
v 146.5 0.04891622 397.2
v 147.3 0.04891622 394.2
v 147.4 0.04891622 393.7
v 128 0.04891622 384
v 128 0.04891622 409.6
v 149.6 0.04891622 397.9
v 149.4 0.09891617 397.9
v 149.4 0.04891622 398.7
v 146.5 0.04891622 399
v 147 0.04891622 398.5
v 146.5 0.04891622 398
v 128 0.04891622 409.6
v 150.5 0.04891622 397.3
v 149.9 0.04891622 397.4
v 149.6 0.04891622 397.9
v 149.4 0.04891622 398.7
v 148.4 0.2489161 399.7
v 147.6 0.04891622 399.7
v 147.4 0.04891622 399.9
v 153.6 0.04891622 409.6
v 150.5 0.04891622 397.3
v 149.4 0.04891622 398.7
v 149 0.04891622 399.3
v 153.6 0.04891622 409.6
v 150.8 0.04891622 396.9
v 150.5 0.04891622 397.3
v 153.6 0.04891622 409.6
v 149 0.04891622 399.3
v 148.4 0.2489161 399.7
v 153.6 0.04891622 409.6
v 153.6 0.04891622 384
v 150.6 0.04891622 394.9
v 150.8 0.04891622 395.5
v 153.6 0.04891622 384
v 150.8 0.04891622 395.5
v 150.8 0.04891622 396.9
v 153.6 0.04891622 409.6
v 153.6 0.04891622 409.6
v 179.2 0.04891622 409.6
v 179.2 0.04891622 384
v 153.6 0.04891622 384
v 179.2 0.04891622 409.6
v 204.8 0.04891622 409.6
v 204.8 0.04891622 384
v 179.2 0.04891622 384
v 204.8 0.04891622 409.6
v 230.4 0.04891622 409.6
v 230.4 0.04891622 384
v 204.8 0.04891622 384
v 230.4 0.04891622 409.6
v 256 0.04891622 409.6
v 256 0.04891622 384
v 230.4 0.04891622 384
v 256 0.04891622 409.6
v 281.6 0.04891622 409.6
v 281.6 0.04891622 384
v 256 0.04891622 384
v 281.6 0.04891622 409.6
v 307.2 0.04891622 409.6
v 307.2 0.04891622 384
v 281.6 0.04891622 384
v 307.2 0.04891622 409.6
v 332.8 0.04891622 409.6
v 332.8 0.04891622 384
v 307.2 0.04891622 384
v 332.8 0.04891622 409.6
v 358.4 0.04891622 409.6
v 358.4 0.04891622 384
v 332.8 0.04891622 384
v 358.4 0.04891622 409.6
v 384 0.04891622 409.6
v 384 0.04891622 384
v 358.4 0.04891622 384
v 384 0.04891622 409.6
v 409.6 0.04891622 409.6
v 409.6 0.04891622 384
v 384 0.04891622 384
v 409.6 0.04891622 409.6
v 435.2 0.04891622 409.6
v 435.2 0.04891622 384
v 409.6 0.04891622 384
v 435.2 0.04891622 409.6
v 460.8 0.04891622 409.6
v 460.8 0.04891622 384
v 435.2 0.04891622 384
v 460.8 0.04891622 409.6
v 486.4 0.04891622 409.6
v 486.4 0.04891622 384
v 460.8 0.04891622 384
v 486.4 0.04891622 409.6
v 499.4 0.04891622 409.6
v 499.4 0.04891622 384
v 486.4 0.04891622 384
v 0.6 0.04891622 435.2
v 25.6 0.04891622 435.2
v 25.6 0.04891622 409.6
v 0.6 0.04891622 409.6
v 25.6 0.04891622 435.2
v 51.2 0.04891622 435.2
v 51.2 0.04891622 409.6
v 25.6 0.04891622 409.6
v 51.2 0.04891622 435.2
v 76.8 0.04891622 435.2
v 76.8 0.04891622 409.6
v 51.2 0.04891622 409.6
v 76.8 0.04891622 435.2
v 102.4 0.04891622 435.2
v 102.4 0.04891622 409.6
v 76.8 0.04891622 409.6
v 102.4 0.04891622 435.2
v 128 0.04891622 435.2
v 128 0.04891622 409.6
v 102.4 0.04891622 409.6
v 128 0.04891622 435.2
v 153.6 0.04891622 435.2
v 153.6 0.04891622 409.6
v 128 0.04891622 409.6
v 153.6 0.04891622 435.2
v 179.2 0.04891622 435.2
v 179.2 0.04891622 409.6
v 153.6 0.04891622 409.6
v 179.2 0.04891622 435.2
v 204.8 0.04891622 435.2
v 204.8 0.04891622 409.6
v 179.2 0.04891622 409.6
v 204.8 0.04891622 435.2
v 230.4 0.04891622 435.2
v 230.4 0.04891622 409.6
v 204.8 0.04891622 409.6
v 230.4 0.04891622 435.2
v 256 0.04891622 435.2
v 256 0.04891622 409.6
v 230.4 0.04891622 409.6
v 256 0.04891622 435.2
v 281.6 0.04891622 435.2
v 281.6 0.04891622 409.6
v 256 0.04891622 409.6
v 281.6 0.04891622 435.2
v 307.2 0.04891622 435.2
v 307.2 0.04891622 409.6
v 281.6 0.04891622 409.6
v 307.2 0.04891622 435.2
v 332.8 0.04891622 435.2
v 332.8 0.04891622 409.6
v 307.2 0.04891622 409.6
v 332.8 0.04891622 435.2
v 358.4 0.04891622 435.2
v 358.4 0.04891622 409.6
v 332.8 0.04891622 409.6
v 358.4 0.04891622 435.2
v 384 0.04891622 435.2
v 384 0.04891622 409.6
v 358.4 0.04891622 409.6
v 384 0.04891622 435.2
v 409.6 0.04891622 435.2
v 409.6 0.04891622 409.6
v 384 0.04891622 409.6
v 409.6 0.04891622 435.2
v 435.2 0.04891622 435.2
v 435.2 0.04891622 409.6
v 409.6 0.04891622 409.6
v 435.2 0.04891622 435.2
v 460.8 0.04891622 435.2
v 460.8 0.04891622 409.6
v 435.2 0.04891622 409.6
v 460.8 0.04891622 435.2
v 486.4 0.04891622 435.2
v 486.4 0.04891622 409.6
v 460.8 0.04891622 409.6
v 486.4 0.04891622 435.2
v 499.4 0.04891622 435.2
v 499.4 0.04891622 409.6
v 486.4 0.04891622 409.6
v 0.6 0.04891622 460.8
v 25.6 0.04891622 460.8
v 25.6 0.04891622 435.2
v 0.6 0.04891622 435.2
v 25.6 0.04891622 460.8
v 51.2 0.04891622 460.8
v 51.2 0.04891622 435.2
v 25.6 0.04891622 435.2
v 51.2 0.04891622 460.8
v 76.8 0.04891622 460.8
v 76.8 0.04891622 435.2
v 51.2 0.04891622 435.2
v 76.8 0.04891622 460.8
v 102.4 0.04891622 460.8
v 102.4 0.04891622 435.2
v 76.8 0.04891622 435.2
v 102.4 0.04891622 460.8
v 128 0.04891622 460.8
v 128 0.04891622 435.2
v 102.4 0.04891622 435.2
v 128 0.04891622 460.8
v 153.6 0.04891622 460.8
v 153.6 0.04891622 435.2
v 128 0.04891622 435.2
v 153.6 0.04891622 460.8
v 179.2 0.04891622 460.8
v 179.2 0.04891622 435.2
v 153.6 0.04891622 435.2
v 179.2 0.04891622 460.8
v 204.8 0.04891622 460.8
v 204.8 0.04891622 435.2
v 179.2 0.04891622 435.2
v 204.8 0.04891622 460.8
v 230.4 0.04891622 460.8
v 230.4 0.04891622 435.2
v 204.8 0.04891622 435.2
v 230.4 0.04891622 460.8
v 256 0.04891622 460.8
v 256 0.04891622 435.2
v 230.4 0.04891622 435.2
v 256 0.04891622 460.8
v 281.6 0.04891622 460.8
v 281.6 0.04891622 435.2
v 256 0.04891622 435.2
v 281.6 0.04891622 460.8
v 307.2 0.04891622 460.8
v 307.2 0.04891622 435.2
v 281.6 0.04891622 435.2
v 307.2 0.04891622 460.8
v 332.8 0.04891622 460.8
v 332.8 0.04891622 435.2
v 307.2 0.04891622 435.2
v 332.8 0.04891622 460.8
v 358.4 0.04891622 460.8
v 358.4 0.04891622 435.2
v 332.8 0.04891622 435.2
v 358.4 0.04891622 460.8
v 384 0.04891622 460.8
v 384 0.04891622 435.2
v 358.4 0.04891622 435.2
v 384 0.04891622 460.8
v 409.6 0.04891622 460.8
v 409.6 0.04891622 435.2
v 384 0.04891622 435.2
v 409.6 0.04891622 460.8
v 435.2 0.04891622 460.8
v 435.2 0.04891622 435.2
v 409.6 0.04891622 435.2
v 435.2 0.04891622 460.8
v 460.8 0.04891622 460.8
v 460.8 0.04891622 435.2
v 435.2 0.04891622 435.2
v 460.8 0.04891622 460.8
v 486.4 0.04891622 460.8
v 486.4 0.04891622 435.2
v 460.8 0.04891622 435.2
v 486.4 0.04891622 460.8
v 499.4 0.04891622 460.8
v 499.4 0.04891622 435.2
v 486.4 0.04891622 435.2
v 0.6 0.04891622 486.4
v 25.6 0.04891622 486.4
v 25.6 0.04891622 460.8
v 0.6 0.04891622 460.8
v 25.6 0.04891622 486.4
v 51.2 0.04891622 486.4
v 51.2 0.04891622 460.8
v 25.6 0.04891622 460.8
v 51.2 0.04891622 486.4
v 76.8 0.04891622 486.4
v 76.8 0.04891622 460.8
v 51.2 0.04891622 460.8
v 76.8 0.04891622 486.4
v 102.4 0.04891622 486.4
v 102.4 0.04891622 460.8
v 76.8 0.04891622 460.8
v 102.4 0.04891622 486.4
v 128 0.04891622 486.4
v 128 0.04891622 460.8
v 102.4 0.04891622 460.8
v 128 0.04891622 486.4
v 153.6 0.04891622 486.4
v 153.6 0.04891622 460.8
v 128 0.04891622 460.8
v 153.6 0.04891622 486.4
v 179.2 0.04891622 486.4
v 179.2 0.04891622 460.8
v 153.6 0.04891622 460.8
v 179.2 0.04891622 486.4
v 204.8 0.04891622 486.4
v 204.8 0.04891622 460.8
v 179.2 0.04891622 460.8
v 204.8 0.04891622 486.4
v 230.4 0.04891622 486.4
v 230.4 0.04891622 460.8
v 204.8 0.04891622 460.8
v 230.4 0.04891622 486.4
v 256 0.04891622 486.4
v 256 0.04891622 460.8
v 230.4 0.04891622 460.8
v 256 0.04891622 486.4
v 281.6 0.04891622 486.4
v 281.6 0.04891622 460.8
v 256 0.04891622 460.8
v 281.6 0.04891622 486.4
v 307.2 0.04891622 486.4
v 307.2 0.04891622 460.8
v 281.6 0.04891622 460.8
v 307.2 0.04891622 486.4
v 332.8 0.04891622 486.4
v 332.8 0.04891622 460.8
v 307.2 0.04891622 460.8
v 332.8 0.04891622 486.4
v 358.4 0.04891622 486.4
v 358.4 0.04891622 460.8
v 332.8 0.04891622 460.8
v 358.4 0.04891622 486.4
v 384 0.04891622 486.4
v 384 0.04891622 460.8
v 358.4 0.04891622 460.8
v 384 0.04891622 486.4
v 409.6 0.04891622 486.4
v 409.6 0.04891622 460.8
v 384 0.04891622 460.8
v 409.6 0.04891622 486.4
v 435.2 0.04891622 486.4
v 435.2 0.04891622 460.8
v 409.6 0.04891622 460.8
v 435.2 0.04891622 486.4
v 460.8 0.04891622 486.4
v 460.8 0.04891622 460.8
v 435.2 0.04891622 460.8
v 460.8 0.04891622 486.4
v 486.4 0.04891622 486.4
v 486.4 0.04891622 460.8
v 460.8 0.04891622 460.8
v 486.4 0.04891622 486.4
v 499.4 0.04891622 486.4
v 499.4 0.04891622 460.8
v 486.4 0.04891622 460.8
v 25.6 0.04891622 499.4
v 25.6 0.04891622 486.4
v 0.6 0.04891622 486.4
v 0.6 0.04891622 499.4
v 25.6 0.04891622 499.4
v 51.2 0.04891622 499.4
v 51.2 0.04891622 486.4
v 25.6 0.04891622 486.4
v 51.2 0.04891622 499.4
v 76.8 0.04891622 499.4
v 76.8 0.04891622 486.4
v 51.2 0.04891622 486.4
v 76.8 0.04891622 499.4
v 102.4 0.04891622 499.4
v 102.4 0.04891622 486.4
v 76.8 0.04891622 486.4
v 102.4 0.04891622 499.4
v 128 0.04891622 499.4
v 128 0.04891622 486.4
v 102.4 0.04891622 486.4
v 128 0.04891622 499.4
v 153.6 0.04891622 499.4
v 153.6 0.04891622 486.4
v 128 0.04891622 486.4
v 153.6 0.04891622 499.4
v 179.2 0.04891622 499.4
v 179.2 0.04891622 486.4
v 153.6 0.04891622 486.4
v 179.2 0.04891622 499.4
v 204.8 0.04891622 499.4
v 204.8 0.04891622 486.4
v 179.2 0.04891622 486.4
v 204.8 0.04891622 499.4
v 230.4 0.04891622 499.4
v 230.4 0.04891622 486.4
v 204.8 0.04891622 486.4
v 230.4 0.04891622 499.4
v 256 0.04891622 499.4
v 256 0.04891622 486.4
v 230.4 0.04891622 486.4
v 256 0.04891622 499.4
v 281.6 0.04891622 499.4
v 281.6 0.04891622 486.4
v 256 0.04891622 486.4
v 281.6 0.04891622 499.4
v 307.2 0.04891622 499.4
v 307.2 0.04891622 486.4
v 281.6 0.04891622 486.4
v 307.2 0.04891622 499.4
v 332.8 0.04891622 499.4
v 332.8 0.04891622 486.4
v 307.2 0.04891622 486.4
v 332.8 0.04891622 499.4
v 358.4 0.04891622 499.4
v 358.4 0.04891622 486.4
v 332.8 0.04891622 486.4
v 358.4 0.04891622 499.4
v 384 0.04891622 499.4
v 384 0.04891622 486.4
v 358.4 0.04891622 486.4
v 384 0.04891622 499.4
v 409.6 0.04891622 499.4
v 409.6 0.04891622 486.4
v 384 0.04891622 486.4
v 409.6 0.04891622 499.4
v 435.2 0.04891622 499.4
v 435.2 0.04891622 486.4
v 409.6 0.04891622 486.4
v 435.2 0.04891622 499.4
v 460.8 0.04891622 499.4
v 460.8 0.04891622 486.4
v 435.2 0.04891622 486.4
v 460.8 0.04891622 499.4
v 486.4 0.04891622 499.4
v 486.4 0.04891622 486.4
v 460.8 0.04891622 486.4
v 486.4 0.04891622 499.4
v 499.4 0.04891622 499.4
v 499.4 0.04891622 486.4
v 486.4 0.04891622 486.4

f 1 2 3
f 1 3 4
f 5 6 7
f 5 7 8
f 9 10 11
f 9 11 12
f 13 14 15
f 13 15 16
f 17 18 19
f 17 19 20
f 21 22 23
f 21 23 24
f 25 26 27
f 25 27 28
f 29 30 31
f 29 31 32
f 33 34 35
f 33 35 36
f 37 38 39
f 37 39 40
f 41 42 43
f 41 43 44
f 45 46 47
f 45 47 48
f 49 50 51
f 49 51 52
f 53 54 55
f 53 55 56
f 57 58 59
f 57 59 60
f 61 62 63
f 61 63 64
f 65 66 67
f 65 67 68
f 69 70 71
f 69 71 72
f 73 74 75
f 73 75 76
f 77 78 79
f 77 79 80
f 81 82 83
f 81 83 84
f 85 86 87
f 85 87 88
f 89 90 91
f 89 91 92
f 93 94 95
f 93 95 96
f 97 98 99
f 97 99 100
f 101 102 103
f 101 103 104
f 105 106 107
f 105 107 108
f 109 110 111
f 109 111 112
f 113 114 115
f 113 115 116
f 117 118 119
f 117 119 120
f 121 122 123
f 121 123 124
f 125 126 127
f 125 127 128
f 129 130 131
f 129 131 132
f 133 134 135
f 133 135 136
f 137 138 139
f 137 139 140
f 141 142 143
f 141 143 144
f 145 146 147
f 145 147 148
f 149 150 151
f 149 151 152
f 153 154 155
f 153 155 156
f 157 158 159
f 157 159 160
f 161 162 163
f 161 163 164
f 165 166 167
f 165 167 168
f 169 170 171
f 169 171 172
f 173 174 175
f 173 175 176
f 177 178 179
f 177 179 180
f 181 182 183
f 181 183 184
f 185 186 187
f 185 187 188
f 189 190 191
f 189 191 192
f 193 194 195
f 193 195 196
f 197 198 199
f 197 199 200
f 201 202 203
f 201 203 204
f 205 206 207
f 208 209 210
f 208 210 211
f 212 213 214
f 215 216 217
f 218 219 220
f 221 222 223
f 221 223 224
f 225 226 227
f 228 229 230
f 231 232 233
f 231 233 234
f 231 234 235
f 236 237 238
f 239 240 241
f 242 243 244
f 242 244 245
f 246 247 248
f 249 250 251
f 252 253 254
f 255 256 257
f 255 257 258
f 255 258 259
f 260 261 262
f 260 262 263
f 260 263 264
f 265 266 267
f 265 267 268
f 269 270 271
f 272 273 274
f 272 274 275
f 272 275 276
f 277 278 279
f 280 281 282
f 280 282 283
f 284 285 286
f 284 286 287
f 288 289 290
f 288 290 291
f 292 293 294
f 292 294 295
f 296 297 298
f 296 298 299
f 300 301 302
f 300 302 303
f 304 305 306
f 304 306 307
f 308 309 310
f 308 310 311
f 312 313 314
f 312 314 315
f 316 317 318
f 316 318 319
f 320 321 322
f 320 322 323
f 324 325 326
f 324 326 327
f 328 329 330
f 328 330 331
f 332 333 334
f 332 334 335
f 336 337 338
f 336 338 339
f 340 341 342
f 340 342 343
f 344 345 346
f 347 348 349
f 350 351 352
f 350 352 353
f 350 353 354
f 355 356 357
f 358 359 360
f 358 360 361
f 362 363 364
f 365 366 367
f 368 369 370
f 371 372 373
f 374 375 376
f 377 378 379
f 377 379 380
f 377 380 381
f 382 383 384
f 385 386 387
f 388 389 390
f 388 390 391
f 388 391 392
f 388 392 393
f 394 395 396
f 397 398 399
f 400 401 402
f 403 404 405
f 406 407 408
f 409 410 411
f 409 411 412
f 409 412 413
f 414 415 416
f 417 418 419
f 417 419 420
f 417 420 421
f 422 423 424
f 425 426 427
f 428 429 430
f 428 430 431
f 432 433 434
f 435 436 437
f 435 437 438
f 439 440 441
f 442 443 444
f 445 446 447
f 448 449 450
f 448 450 451
f 452 453 454
f 452 454 455
f 456 457 458
f 456 458 459
f 460 461 462
f 460 462 463
f 464 465 466
f 464 466 467
f 468 469 470
f 468 470 471
f 472 473 474
f 472 474 475
f 476 477 478
f 476 478 479
f 480 481 482
f 480 482 483
f 484 485 486
f 484 486 487
f 488 489 490
f 488 490 491
f 492 493 494
f 492 494 495
f 496 497 498
f 496 498 499
f 500 501 502
f 500 502 503
f 504 505 506
f 504 506 507
f 508 509 510
f 508 510 511
f 512 513 514
f 512 514 515
f 516 517 518
f 516 518 519
f 516 519 520
f 516 520 521
f 522 523 524
f 525 526 527
f 528 529 530
f 531 532 533
f 531 533 534
f 535 536 537
f 538 539 540
f 541 542 543
f 544 545 546
f 547 548 549
f 550 551 552
f 553 554 555
f 556 557 558
f 559 560 561
f 559 561 562
f 563 564 565
f 566 567 568
f 569 570 571
f 569 571 572
f 573 574 575
f 573 575 576
f 577 578 579
f 580 581 582
f 583 584 585
f 586 587 588
f 586 588 589
f 590 591 592
f 593 594 595
f 593 595 596
f 597 598 599
f 600 601 602
f 600 602 603
f 604 605 606
f 604 606 607
f 604 607 608
f 609 610 611
f 612 613 614
f 615 616 617
f 615 617 618
f 619 620 621
f 619 621 622
f 623 624 625
f 626 627 628
f 629 630 631
f 632 633 634
f 632 634 635
f 636 637 638
f 636 638 639
f 640 641 642
f 643 644 645
f 646 647 648
f 649 650 651
f 652 653 654
f 655 656 657
f 655 657 658
f 655 658 659
f 660 661 662
f 663 664 665
f 666 667 668
f 669 670 671
f 672 673 674
f 675 676 677
f 678 679 680
f 681 682 683
f 684 685 686
f 687 688 689
f 687 689 690
f 687 690 691
f 692 693 694
f 692 694 695
f 692 695 696
f 692 696 697
f 698 699 700
f 701 702 703
f 704 705 706
f 707 708 709
f 707 709 710
f 711 712 713
f 711 713 714
f 715 716 717
f 715 717 718
f 719 720 721
f 719 721 722
f 723 724 725
f 723 725 726
f 727 728 729
f 727 729 730
f 731 732 733
f 731 733 734
f 735 736 737
f 735 737 738
f 739 740 741
f 739 741 742
f 743 744 745
f 743 745 746
f 747 748 749
f 747 749 750
f 751 752 753
f 751 753 754
f 755 756 757
f 755 757 758
f 759 760 761
f 759 761 762
f 763 764 765
f 763 765 766
f 767 768 769
f 767 769 770
f 771 772 773
f 774 775 776
f 777 778 779
f 780 781 782
f 783 784 785
f 783 785 786
f 787 788 789
f 790 791 792
f 793 794 795
f 796 797 798
f 796 798 799
f 800 801 802
f 803 804 805
f 806 807 808
f 809 810 811
f 809 811 812
f 809 812 813
f 814 815 816
f 817 818 819
f 820 821 822
f 823 824 825
f 826 827 828
f 826 828 829
f 830 831 832
f 830 832 833
f 830 833 834
f 835 836 837
f 838 839 840
f 838 840 841
f 842 843 844
f 845 846 847
f 845 847 848
f 849 850 851
f 852 853 854
f 852 854 855
f 856 857 858
f 856 858 859
f 856 859 860
f 861 862 863
f 864 865 866
f 867 868 869
f 870 871 872
f 870 872 873
f 870 873 874
f 875 876 877
f 875 877 878
f 875 878 879
f 880 881 882
f 883 884 885
f 883 885 886
f 887 888 889
f 890 891 892
f 893 894 895
f 896 897 898
f 899 900 901
f 902 903 904
f 902 904 905
f 906 907 908
f 906 908 909
f 910 911 912
f 913 914 915
f 916 917 918
f 919 920 921
f 922 923 924
f 922 924 925
f 922 925 926
f 927 928 929
f 927 929 930
f 931 932 933
f 934 935 936
f 937 938 939
f 937 939 940
f 937 940 941
f 937 941 942
f 943 944 945
f 946 947 948
f 949 950 951
f 952 953 954
f 955 956 957
f 958 959 960
f 961 962 963
f 961 963 964
f 965 966 967
f 968 969 970
f 968 970 971
f 972 973 974
f 975 976 977
f 978 979 980
f 981 982 983
f 984 985 986
f 984 986 987
f 988 989 990
f 988 990 991
f 992 993 994
f 995 996 997
f 998 999 1000
f 1001 1002 1003
f 1004 1005 1006
f 1004 1006 1007
f 1008 1009 1010
f 1008 1010 1011
f 1012 1013 1014
f 1012 1014 1015
f 1016 1017 1018
f 1016 1018 1019
f 1020 1021 1022
f 1020 1022 1023
f 1024 1025 1026
f 1027 1028 1029
f 1027 1029 1030
f 1031 1032 1033
f 1034 1035 1036
f 1037 1038 1039
f 1040 1041 1042
f 1043 1044 1045
f 1046 1047 1048
f 1049 1050 1051
f 1049 1051 1052
f 1053 1054 1055
f 1056 1057 1058
f 1059 1060 1061
f 1062 1063 1064
f 1065 1066 1067
f 1065 1067 1068
f 1069 1070 1071
f 1069 1071 1072
f 1069 1072 1073
f 1069 1073 1074
f 1075 1076 1077
f 1078 1079 1080
f 1078 1080 1081
f 1082 1083 1084
f 1082 1084 1085
f 1086 1087 1088
f 1089 1090 1091
f 1092 1093 1094
f 1095 1096 1097
f 1095 1097 1098
f 1099 1100 1101
f 1099 1101 1102
f 1103 1104 1105
f 1106 1107 1108
f 1106 1108 1109
f 1110 1111 1112
f 1113 1114 1115
f 1116 1117 1118
f 1116 1118 1119
f 1120 1121 1122
f 1120 1122 1123
f 1124 1125 1126
f 1124 1126 1127
f 1128 1129 1130
f 1128 1130 1131
f 1132 1133 1134
f 1132 1134 1135
f 1136 1137 1138
f 1136 1138 1139
f 1140 1141 1142
f 1140 1142 1143
f 1144 1145 1146
f 1144 1146 1147
f 1148 1149 1150
f 1148 1150 1151
f 1152 1153 1154
f 1152 1154 1155
f 1156 1157 1158
f 1156 1158 1159
f 1160 1161 1162
f 1160 1162 1163
f 1164 1165 1166
f 1164 1166 1167
f 1168 1169 1170
f 1168 1170 1171
f 1172 1173 1174
f 1172 1174 1175
f 1176 1177 1178
f 1176 1178 1179
f 1180 1181 1182
f 1180 1182 1183
f 1184 1185 1186
f 1187 1188 1189
f 1190 1191 1192
f 1190 1192 1193
f 1194 1195 1196
f 1197 1198 1199
f 1200 1201 1202
f 1200 1202 1203
f 1204 1205 1206
f 1204 1206 1207
f 1204 1207 1208
f 1209 1210 1211
f 1212 1213 1214
f 1215 1216 1217
f 1218 1219 1220
f 1221 1222 1223
f 1221 1223 1224
f 1225 1226 1227
f 1228 1229 1230
f 1231 1232 1233
f 1234 1235 1236
f 1234 1236 1237
f 1234 1237 1238
f 1234 1238 1239
f 1240 1241 1242
f 1243 1244 1245
f 1243 1245 1246
f 1243 1246 1247
f 1248 1249 1250
f 1251 1252 1253
f 1251 1253 1254
f 1255 1256 1257
f 1255 1257 1258
f 1259 1260 1261
f 1259 1261 1262
f 1263 1264 1265
f 1266 1267 1268
f 1269 1270 1271
f 1272 1273 1274
f 1272 1274 1275
f 1276 1277 1278
f 1276 1278 1279
f 1280 1281 1282
f 1280 1282 1283
f 1284 1285 1286
f 1284 1286 1287
f 1288 1289 1290
f 1288 1290 1291
f 1292 1293 1294
f 1292 1294 1295
f 1296 1297 1298
f 1296 1298 1299
f 1300 1301 1302
f 1303 1304 1305
f 1306 1307 1308
f 1309 1310 1311
f 1312 1313 1314
f 1315 1316 1317
f 1315 1317 1318
f 1319 1320 1321
f 1322 1323 1324
f 1322 1324 1325
f 1326 1327 1328
f 1329 1330 1331
f 1329 1331 1332
f 1333 1334 1335
f 1336 1337 1338
f 1339 1340 1341
f 1339 1341 1342
f 1343 1344 1345
f 1346 1347 1348
f 1349 1350 1351
f 1352 1353 1354
f 1355 1356 1357
f 1358 1359 1360
f 1361 1362 1363
f 1364 1365 1366
f 1364 1366 1367
f 1364 1367 1368
f 1369 1370 1371
f 1372 1373 1374
f 1375 1376 1377
f 1378 1379 1380
f 1381 1382 1383
f 1381 1383 1384
f 1385 1386 1387
f 1388 1389 1390
f 1388 1390 1391
f 1392 1393 1394
f 1395 1396 1397
f 1398 1399 1400
f 1398 1400 1401
f 1402 1403 1404
f 1402 1404 1405
f 1406 1407 1408
f 1406 1408 1409
f 1410 1411 1412
f 1410 1412 1413
f 1414 1415 1416
f 1414 1416 1417
f 1418 1419 1420
f 1418 1420 1421
f 1422 1423 1424
f 1422 1424 1425
f 1426 1427 1428
f 1426 1428 1429
f 1430 1431 1432
f 1433 1434 1435
f 1436 1437 1438
f 1439 1440 1441
f 1442 1443 1444
f 1445 1446 1447
f 1448 1449 1450
f 1451 1452 1453
f 1454 1455 1456
f 1457 1458 1459
f 1460 1461 1462
f 1463 1464 1465
f 1466 1467 1468
f 1466 1468 1469
f 1466 1469 1470
f 1471 1472 1473
f 1471 1473 1474
f 1475 1476 1477
f 1475 1477 1478
f 1479 1480 1481
f 1482 1483 1484
f 1485 1486 1487
f 1488 1489 1490
f 1488 1490 1491
f 1492 1493 1494
f 1492 1494 1495
f 1496 1497 1498
f 1499 1500 1501
f 1502 1503 1504
f 1502 1504 1505
f 1506 1507 1508
f 1509 1510 1511
f 1512 1513 1514
f 1515 1516 1517
f 1518 1519 1520
f 1521 1522 1523
f 1521 1523 1524
f 1525 1526 1527
f 1528 1529 1530
f 1528 1530 1531
f 1528 1531 1532
f 1533 1534 1535
f 1533 1535 1536
f 1537 1538 1539
f 1540 1541 1542
f 1543 1544 1545
f 1546 1547 1548
f 1549 1550 1551
f 1552 1553 1554
f 1555 1556 1557
f 1555 1557 1558
f 1559 1560 1561
f 1559 1561 1562
f 1563 1564 1565
f 1563 1565 1566
f 1567 1568 1569
f 1570 1571 1572
f 1573 1574 1575
f 1576 1577 1578
f 1576 1578 1579
f 1576 1579 1580
f 1581 1582 1583
f 1581 1583 1584
f 1585 1586 1587
f 1585 1587 1588
f 1589 1590 1591
f 1592 1593 1594
f 1595 1596 1597
f 1598 1599 1600
f 1601 1602 1603
f 1601 1603 1604
f 1605 1606 1607
f 1605 1607 1608
f 1605 1608 1609
f 1610 1611 1612
f 1613 1614 1615
f 1616 1617 1618
f 1619 1620 1621
f 1622 1623 1624
f 1622 1624 1625
f 1622 1625 1626
f 1627 1628 1629
f 1630 1631 1632
f 1633 1634 1635
f 1636 1637 1638
f 1639 1640 1641
f 1642 1643 1644
f 1645 1646 1647
f 1648 1649 1650
f 1651 1652 1653
f 1651 1653 1654
f 1651 1654 1655
f 1651 1655 1656
f 1657 1658 1659
f 1660 1661 1662
f 1660 1662 1663
f 1660 1663 1664
f 1665 1666 1667
f 1668 1669 1670
f 1671 1672 1673
f 1671 1673 1674
f 1671 1674 1675
f 1671 1675 1676
f 1677 1678 1679
f 1680 1681 1682
f 1683 1684 1685
f 1686 1687 1688
f 1689 1690 1691
f 1692 1693 1694
f 1692 1694 1695
f 1696 1697 1698
f 1699 1700 1701
f 1699 1701 1702
f 1703 1704 1705
f 1703 1705 1706
f 1707 1708 1709
f 1710 1711 1712
f 1713 1714 1715
f 1716 1717 1718
f 1719 1720 1721
f 1722 1723 1724
f 1725 1726 1727
f 1728 1729 1730
f 1728 1730 1731
f 1732 1733 1734
f 1735 1736 1737
f 1738 1739 1740
f 1738 1740 1741
f 1742 1743 1744
f 1742 1744 1745
f 1742 1745 1746
f 1747 1748 1749
f 1750 1751 1752
f 1750 1752 1753
f 1754 1755 1756
f 1754 1756 1757
f 1758 1759 1760
f 1758 1760 1761
f 1762 1763 1764
f 1762 1764 1765
f 1766 1767 1768
f 1766 1768 1769
f 1770 1771 1772
f 1770 1772 1773
f 1774 1775 1776
f 1774 1776 1777
f 1778 1779 1780
f 1778 1780 1781
f 1782 1783 1784
f 1782 1784 1785
f 1786 1787 1788
f 1789 1790 1791
f 1792 1793 1794
f 1795 1796 1797
f 1798 1799 1800
f 1801 1802 1803
f 1804 1805 1806
f 1804 1806 1807
f 1804 1807 1808
f 1804 1808 1809
f 1810 1811 1812
f 1813 1814 1815
f 1813 1815 1816
f 1817 1818 1819
f 1820 1821 1822
f 1820 1822 1823
f 1824 1825 1826
f 1824 1826 1827
f 1828 1829 1830
f 1831 1832 1833
f 1834 1835 1836
f 1834 1836 1837
f 1838 1839 1840
f 1841 1842 1843
f 1841 1843 1844
f 1845 1846 1847
f 1845 1847 1848
f 1849 1850 1851
f 1852 1853 1854
f 1855 1856 1857
f 1855 1857 1858
f 1855 1858 1859
f 1855 1859 1860
f 1861 1862 1863
f 1864 1865 1866
f 1864 1866 1867
f 1868 1869 1870
f 1871 1872 1873
f 1874 1875 1876
f 1877 1878 1879
f 1877 1879 1880
f 1881 1882 1883
f 1881 1883 1884
f 1885 1886 1887
f 1885 1887 1888
f 1889 1890 1891
f 1889 1891 1892
f 1893 1894 1895
f 1893 1895 1896
f 1893 1896 1897
f 1898 1899 1900
f 1898 1900 1901
f 1902 1903 1904
f 1905 1906 1907
f 1908 1909 1910
f 1908 1910 1911
f 1912 1913 1914
f 1915 1916 1917
f 1918 1919 1920
f 1918 1920 1921
f 1922 1923 1924
f 1925 1926 1927
f 1928 1929 1930
f 1928 1930 1931
f 1932 1933 1934
f 1932 1934 1935
f 1936 1937 1938
f 1939 1940 1941
f 1942 1943 1944
f 1945 1946 1947
f 1945 1947 1948
f 1949 1950 1951
f 1952 1953 1954
f 1952 1954 1955
f 1952 1955 1956
f 1952 1956 1957
f 1958 1959 1960
f 1961 1962 1963
f 1964 1965 1966
f 1967 1968 1969
f 1967 1969 1970
f 1971 1972 1973
f 1974 1975 1976
f 1974 1976 1977
f 1974 1977 1978
f 1979 1980 1981
f 1979 1981 1982
f 1983 1984 1985
f 1986 1987 1988
f 1989 1990 1991
f 1992 1993 1994
f 1992 1994 1995
f 1996 1997 1998
f 1999 2000 2001
f 2002 2003 2004
f 2005 2006 2007
f 2008 2009 2010
f 2011 2012 2013
f 2014 2015 2016
f 2014 2016 2017
f 2014 2017 2018
f 2014 2018 2019
f 2020 2021 2022
f 2023 2024 2025
f 2026 2027 2028
f 2029 2030 2031
f 2029 2031 2032
f 2033 2034 2035
f 2036 2037 2038
f 2039 2040 2041
f 2039 2041 2042
f 2043 2044 2045
f 2046 2047 2048
f 2046 2048 2049
f 2046 2049 2050
f 2046 2050 2051
f 2052 2053 2054
f 2055 2056 2057
f 2055 2057 2058
f 2059 2060 2061
f 2062 2063 2064
f 2065 2066 2067
f 2065 2067 2068
f 2069 2070 2071
f 2072 2073 2074
f 2072 2074 2075
f 2072 2075 2076
f 2077 2078 2079
f 2080 2081 2082
f 2083 2084 2085
f 2086 2087 2088
f 2086 2088 2089
f 2090 2091 2092
f 2093 2094 2095
f 2096 2097 2098
f 2099 2100 2101
f 2102 2103 2104
f 2105 2106 2107
f 2108 2109 2110
f 2108 2110 2111
f 2112 2113 2114
f 2115 2116 2117
f 2115 2117 2118
f 2119 2120 2121
f 2119 2121 2122
f 2123 2124 2125
f 2126 2127 2128
f 2129 2130 2131
f 2132 2133 2134
f 2132 2134 2135
f 2136 2137 2138
f 2139 2140 2141
f 2142 2143 2144
f 2145 2146 2147
f 2148 2149 2150
f 2148 2150 2151
f 2152 2153 2154
f 2152 2154 2155
f 2156 2157 2158
f 2156 2158 2159
f 2160 2161 2162
f 2160 2162 2163
f 2164 2165 2166
f 2164 2166 2167
f 2168 2169 2170
f 2168 2170 2171
f 2172 2173 2174
f 2172 2174 2175
f 2176 2177 2178
f 2176 2178 2179
f 2180 2181 2182
f 2180 2182 2183
f 2184 2185 2186
f 2184 2186 2187
f 2188 2189 2190
f 2188 2190 2191
f 2192 2193 2194
f 2192 2194 2195
f 2196 2197 2198
f 2196 2198 2199
f 2200 2201 2202
f 2200 2202 2203
f 2204 2205 2206
f 2204 2206 2207
f 2208 2209 2210
f 2211 2212 2213
f 2214 2215 2216
f 2217 2218 2219
f 2220 2221 2222
f 2223 2224 2225
f 2226 2227 2228
f 2229 2230 2231
f 2232 2233 2234
f 2235 2236 2237
f 2238 2239 2240
f 2238 2240 2241
f 2238 2241 2242
f 2243 2244 2245
f 2246 2247 2248
f 2249 2250 2251
f 2249 2251 2252
f 2253 2254 2255
f 2256 2257 2258
f 2259 2260 2261
f 2259 2261 2262
f 2263 2264 2265
f 2266 2267 2268
f 2269 2270 2271
f 2269 2271 2272
f 2273 2274 2275
f 2273 2275 2276
f 2273 2276 2277
f 2273 2277 2278
f 2279 2280 2281
f 2279 2281 2282
f 2283 2284 2285
f 2286 2287 2288
f 2286 2288 2289
f 2290 2291 2292
f 2293 2294 2295
f 2293 2295 2296
f 2297 2298 2299
f 2300 2301 2302
f 2300 2302 2303
f 2304 2305 2306
f 2307 2308 2309
f 2307 2309 2310
f 2307 2310 2311
f 2312 2313 2314
f 2312 2314 2315
f 2316 2317 2318
f 2319 2320 2321
f 2322 2323 2324
f 2325 2326 2327
f 2325 2327 2328
f 2325 2328 2329
f 2325 2329 2330
f 2331 2332 2333
f 2334 2335 2336
f 2337 2338 2339
f 2340 2341 2342
f 2343 2344 2345
f 2346 2347 2348
f 2349 2350 2351
f 2352 2353 2354
f 2355 2356 2357
f 2358 2359 2360
f 2358 2360 2361
f 2362 2363 2364
f 2365 2366 2367
f 2368 2369 2370
f 2368 2370 2371
f 2372 2373 2374
f 2372 2374 2375
f 2376 2377 2378
f 2376 2378 2379
f 2376 2379 2380
f 2381 2382 2383
f 2384 2385 2386
f 2384 2386 2387
f 2384 2387 2388
f 2389 2390 2391
f 2392 2393 2394
f 2392 2394 2395
f 2392 2395 2396
f 2397 2398 2399
f 2400 2401 2402
f 2400 2402 2403
f 2404 2405 2406
f 2407 2408 2409
f 2410 2411 2412
f 2410 2412 2413
f 2414 2415 2416
f 2414 2416 2417
f 2414 2417 2418
f 2414 2418 2419
f 2420 2421 2422
f 2423 2424 2425
f 2423 2425 2426
f 2427 2428 2429
f 2430 2431 2432
f 2430 2432 2433
f 2434 2435 2436
f 2437 2438 2439
f 2440 2441 2442
f 2443 2444 2445
f 2446 2447 2448
f 2446 2448 2449
f 2450 2451 2452
f 2450 2452 2453
f 2454 2455 2456
f 2457 2458 2459
f 2460 2461 2462
f 2463 2464 2465
f 2466 2467 2468
f 2469 2470 2471
f 2469 2471 2472
f 2473 2474 2475
f 2476 2477 2478
f 2476 2478 2479
f 2480 2481 2482
f 2483 2484 2485
f 2486 2487 2488
f 2486 2488 2489
f 2490 2491 2492
f 2493 2494 2495
f 2496 2497 2498
f 2499 2500 2501
f 2499 2501 2502
f 2503 2504 2505
f 2503 2505 2506
f 2507 2508 2509
f 2507 2509 2510
f 2511 2512 2513
f 2511 2513 2514
f 2515 2516 2517
f 2515 2517 2518
f 2519 2520 2521
f 2519 2521 2522
f 2523 2524 2525
f 2523 2525 2526
f 2527 2528 2529
f 2527 2529 2530
f 2531 2532 2533
f 2531 2533 2534
f 2535 2536 2537
f 2535 2537 2538
f 2539 2540 2541
f 2539 2541 2542
f 2543 2544 2545
f 2543 2545 2546
f 2547 2548 2549
f 2547 2549 2550
f 2547 2550 2551
f 2552 2553 2554
f 2555 2556 2557
f 2558 2559 2560
f 2561 2562 2563
f 2561 2563 2564
f 2565 2566 2567
f 2568 2569 2570
f 2568 2570 2571
f 2568 2571 2572
f 2573 2574 2575
f 2576 2577 2578
f 2579 2580 2581
f 2579 2581 2582
f 2583 2584 2585
f 2586 2587 2588
f 2589 2590 2591
f 2592 2593 2594
f 2595 2596 2597
f 2598 2599 2600
f 2601 2602 2603
f 2601 2603 2604
f 2605 2606 2607
f 2608 2609 2610
f 2611 2612 2613
f 2611 2613 2614
f 2615 2616 2617
f 2615 2617 2618
f 2619 2620 2621
f 2619 2621 2622
f 2619 2622 2623
f 2619 2623 2624
f 2625 2626 2627
f 2628 2629 2630
f 2628 2630 2631
f 2632 2633 2634
f 2632 2634 2635
f 2636 2637 2638
f 2639 2640 2641
f 2639 2641 2642
f 2643 2644 2645
f 2646 2647 2648
f 2649 2650 2651
f 2649 2651 2652
f 2653 2654 2655
f 2653 2655 2656
f 2657 2658 2659
f 2657 2659 2660
f 2661 2662 2663
f 2661 2663 2664
f 2665 2666 2667
f 2668 2669 2670
f 2671 2672 2673
f 2674 2675 2676
f 2674 2676 2677
f 2674 2677 2678
f 2679 2680 2681
f 2679 2681 2682
f 2683 2684 2685
f 2686 2687 2688
f 2686 2688 2689
f 2690 2691 2692
f 2693 2694 2695
f 2696 2697 2698
f 2696 2698 2699
f 2696 2699 2700
f 2701 2702 2703
f 2701 2703 2704
f 2705 2706 2707
f 2705 2707 2708
f 2709 2710 2711
f 2709 2711 2712
f 2713 2714 2715
f 2713 2715 2716
f 2717 2718 2719
f 2717 2719 2720
f 2721 2722 2723
f 2721 2723 2724
f 2725 2726 2727
f 2725 2727 2728
f 2729 2730 2731
f 2729 2731 2732
f 2733 2734 2735
f 2733 2735 2736
f 2737 2738 2739
f 2737 2739 2740
f 2741 2742 2743
f 2741 2743 2744
f 2745 2746 2747
f 2745 2747 2748
f 2749 2750 2751
f 2749 2751 2752
f 2753 2754 2755
f 2753 2755 2756
f 2757 2758 2759
f 2757 2759 2760
f 2761 2762 2763
f 2761 2763 2764
f 2765 2766 2767
f 2765 2767 2768
f 2769 2770 2771
f 2769 2771 2772
f 2773 2774 2775
f 2776 2777 2778
f 2779 2780 2781
f 2779 2781 2782
f 2779 2782 2783
f 2784 2785 2786
f 2787 2788 2789
f 2787 2789 2790
f 2791 2792 2793
f 2794 2795 2796
f 2797 2798 2799
f 2800 2801 2802
f 2803 2804 2805
f 2806 2807 2808
f 2806 2808 2809
f 2806 2809 2810
f 2811 2812 2813
f 2811 2813 2814
f 2815 2816 2817
f 2818 2819 2820
f 2818 2820 2821
f 2822 2823 2824
f 2825 2826 2827
f 2825 2827 2828
f 2829 2830 2831
f 2832 2833 2834
f 2835 2836 2837
f 2835 2837 2838
f 2835 2838 2839
f 2840 2841 2842
f 2843 2844 2845
f 2846 2847 2848
f 2849 2850 2851
f 2852 2853 2854
f 2852 2854 2855
f 2852 2855 2856
f 2857 2858 2859
f 2857 2859 2860
f 2861 2862 2863
f 2864 2865 2866
f 2864 2866 2867
f 2868 2869 2870
f 2871 2872 2873
f 2874 2875 2876
f 2877 2878 2879
f 2877 2879 2880
f 2881 2882 2883
f 2884 2885 2886
f 2887 2888 2889
f 2890 2891 2892
f 2893 2894 2895
f 2896 2897 2898
f 2896 2898 2899
f 2896 2899 2900
f 2901 2902 2903
f 2904 2905 2906
f 2907 2908 2909
f 2910 2911 2912
f 2910 2912 2913
f 2914 2915 2916
f 2917 2918 2919
f 2917 2919 2920
f 2917 2920 2921
f 2922 2923 2924
f 2925 2926 2927
f 2925 2927 2928
f 2929 2930 2931
f 2929 2931 2932
f 2933 2934 2935
f 2933 2935 2936
f 2937 2938 2939
f 2937 2939 2940
f 2941 2942 2943
f 2941 2943 2944
f 2945 2946 2947
f 2945 2947 2948
f 2949 2950 2951
f 2949 2951 2952
f 2953 2954 2955
f 2953 2955 2956
f 2957 2958 2959
f 2960 2961 2962
f 2963 2964 2965
f 2966 2967 2968
f 2969 2970 2971
f 2972 2973 2974
f 2975 2976 2977
f 2978 2979 2980
f 2981 2982 2983
f 2984 2985 2986
f 2987 2988 2989
f 2990 2991 2992
f 2990 2992 2993
f 2990 2993 2994
f 2995 2996 2997
f 2995 2997 2998
f 2999 3000 3001
f 2999 3001 3002
f 3003 3004 3005
f 3006 3007 3008
f 3009 3010 3011
f 3009 3011 3012
f 3013 3014 3015
f 3016 3017 3018
f 3019 3020 3021
f 3022 3023 3024
f 3022 3024 3025
f 3026 3027 3028
f 3026 3028 3029
f 3026 3029 3030
f 3031 3032 3033
f 3034 3035 3036
f 3037 3038 3039
f 3037 3039 3040
f 3041 3042 3043
f 3041 3043 3044
f 3045 3046 3047
f 3045 3047 3048
f 3049 3050 3051
f 3049 3051 3052
f 3053 3054 3055
f 3056 3057 3058
f 3059 3060 3061
f 3062 3063 3064
f 3065 3066 3067
f 3068 3069 3070
f 3071 3072 3073
f 3071 3073 3074
f 3075 3076 3077
f 3078 3079 3080
f 3081 3082 3083
f 3084 3085 3086
f 3084 3086 3087
f 3088 3089 3090
f 3091 3092 3093
f 3091 3093 3094
f 3095 3096 3097
f 3095 3097 3098
f 3099 3100 3101
f 3099 3101 3102
f 3099 3102 3103
f 3104 3105 3106
f 3107 3108 3109
f 3107 3109 3110
f 3111 3112 3113
f 3111 3113 3114
f 3115 3116 3117
f 3118 3119 3120
f 3118 3120 3121
f 3122 3123 3124
f 3122 3124 3125
f 3126 3127 3128
f 3129 3130 3131
f 3132 3133 3134
f 3135 3136 3137
f 3138 3139 3140
f 3138 3140 3141
f 3142 3143 3144
f 3145 3146 3147
f 3145 3147 3148
f 3149 3150 3151
f 3149 3151 3152
f 3153 3154 3155
f 3156 3157 3158
f 3156 3158 3159
f 3156 3159 3160
f 3161 3162 3163
f 3161 3163 3164
f 3165 3166 3167
f 3165 3167 3168
f 3169 3170 3171
f 3172 3173 3174
f 3172 3174 3175
f 3172 3175 3176
f 3177 3178 3179
f 3177 3179 3180
f 3181 3182 3183
f 3181 3183 3184
f 3185 3186 3187
f 3185 3187 3188
f 3189 3190 3191
f 3189 3191 3192
f 3193 3194 3195
f 3193 3195 3196
f 3197 3198 3199
f 3197 3199 3200
f 3201 3202 3203
f 3201 3203 3204
f 3205 3206 3207
f 3205 3207 3208
f 3209 3210 3211
f 3209 3211 3212
f 3213 3214 3215
f 3213 3215 3216
f 3217 3218 3219
f 3217 3219 3220
f 3221 3222 3223
f 3224 3225 3226
f 3227 3228 3229
f 3227 3229 3230
f 3227 3230 3231
f 3232 3233 3234
f 3235 3236 3237
f 3238 3239 3240
f 3238 3240 3241
f 3242 3243 3244
f 3245 3246 3247
f 3245 3247 3248
f 3249 3250 3251
f 3252 3253 3254
f 3255 3256 3257
f 3258 3259 3260
f 3261 3262 3263
f 3261 3263 3264
f 3265 3266 3267
f 3268 3269 3270
f 3268 3270 3271
f 3272 3273 3274
f 3275 3276 3277
f 3275 3277 3278
f 3279 3280 3281
f 3279 3281 3282
f 3283 3284 3285
f 3283 3285 3286
f 3287 3288 3289
f 3287 3289 3290
f 3291 3292 3293
f 3291 3293 3294
f 3295 3296 3297
f 3298 3299 3300
f 3301 3302 3303
f 3304 3305 3306
f 3307 3308 3309
f 3307 3309 3310
f 3307 3310 3311
f 3312 3313 3314
f 3312 3314 3315
f 3316 3317 3318
f 3319 3320 3321
f 3322 3323 3324
f 3325 3326 3327
f 3325 3327 3328
f 3329 3330 3331
f 3332 3333 3334
f 3332 3334 3335
f 3332 3335 3336
f 3332 3336 3337
f 3338 3339 3340
f 3341 3342 3343
f 3344 3345 3346
f 3347 3348 3349
f 3350 3351 3352
f 3353 3354 3355
f 3353 3355 3356
f 3353 3356 3357
f 3358 3359 3360
f 3358 3360 3361
f 3362 3363 3364
f 3365 3366 3367
f 3368 3369 3370
f 3371 3372 3373
f 3374 3375 3376
f 3377 3378 3379
f 3380 3381 3382
f 3380 3382 3383
f 3380 3383 3384
f 3380 3384 3385
f 3386 3387 3388
f 3389 3390 3391
f 3389 3391 3392
f 3393 3394 3395
f 3396 3397 3398
f 3396 3398 3399
f 3400 3401 3402
f 3403 3404 3405
f 3406 3407 3408
f 3406 3408 3409
f 3410 3411 3412
f 3413 3414 3415
f 3413 3415 3416
f 3413 3416 3417
f 3413 3417 3418
f 3419 3420 3421
f 3422 3423 3424
f 3425 3426 3427
f 3428 3429 3430
f 3431 3432 3433
f 3431 3433 3434
f 3435 3436 3437
f 3435 3437 3438
f 3439 3440 3441
f 3442 3443 3444
f 3445 3446 3447
f 3445 3447 3448
f 3449 3450 3451
f 3449 3451 3452
f 3453 3454 3455
f 3453 3455 3456
f 3453 3456 3457
f 3458 3459 3460
f 3458 3460 3461
f 3462 3463 3464
f 3462 3464 3465
f 3466 3467 3468
f 3466 3468 3469
f 3470 3471 3472
f 3470 3472 3473
f 3474 3475 3476
f 3474 3476 3477
f 3478 3479 3480
f 3478 3480 3481
f 3482 3483 3484
f 3482 3484 3485
f 3486 3487 3488
f 3486 3488 3489
f 3490 3491 3492
f 3490 3492 3493
f 3494 3495 3496
f 3494 3496 3497
f 3498 3499 3500
f 3498 3500 3501
f 3502 3503 3504
f 3502 3504 3505
f 3506 3507 3508
f 3506 3508 3509
f 3510 3511 3512
f 3510 3512 3513
f 3514 3515 3516
f 3514 3516 3517
f 3518 3519 3520
f 3518 3520 3521
f 3522 3523 3524
f 3522 3524 3525
f 3526 3527 3528
f 3526 3528 3529
f 3530 3531 3532
f 3530 3532 3533
f 3534 3535 3536
f 3534 3536 3537
f 3538 3539 3540
f 3541 3542 3543
f 3544 3545 3546
f 3544 3546 3547
f 3548 3549 3550
f 3551 3552 3553
f 3554 3555 3556
f 3557 3558 3559
f 3560 3561 3562
f 3563 3564 3565
f 3563 3565 3566
f 3567 3568 3569
f 3570 3571 3572
f 3570 3572 3573
f 3574 3575 3576
f 3577 3578 3579
f 3580 3581 3582
f 3583 3584 3585
f 3583 3585 3586
f 3587 3588 3589
f 3590 3591 3592
f 3590 3592 3593
f 3594 3595 3596
f 3597 3598 3599
f 3600 3601 3602
f 3603 3604 3605
f 3603 3605 3606
f 3607 3608 3609
f 3607 3609 3610
f 3611 3612 3613
f 3611 3613 3614
f 3611 3614 3615
f 3616 3617 3618
f 3619 3620 3621
f 3622 3623 3624
f 3622 3624 3625
f 3626 3627 3628
f 3626 3628 3629
f 3630 3631 3632
f 3630 3632 3633
f 3634 3635 3636
f 3634 3636 3637
f 3638 3639 3640
f 3638 3640 3641
f 3642 3643 3644
f 3642 3644 3645
f 3646 3647 3648
f 3646 3648 3649
f 3650 3651 3652
f 3650 3652 3653
f 3654 3655 3656
f 3654 3656 3657
f 3658 3659 3660
f 3658 3660 3661
f 3662 3663 3664
f 3665 3666 3667
f 3668 3669 3670
f 3671 3672 3673
f 3674 3675 3676
f 3677 3678 3679
f 3680 3681 3682
f 3683 3684 3685
f 3686 3687 3688
f 3689 3690 3691
f 3692 3693 3694
f 3692 3694 3695
f 3696 3697 3698
f 3696 3698 3699
f 3700 3701 3702
f 3700 3702 3703
f 3704 3705 3706
f 3707 3708 3709
f 3707 3709 3710
f 3711 3712 3713
f 3714 3715 3716
f 3717 3718 3719
f 3717 3719 3720
f 3721 3722 3723
f 3721 3723 3724
f 3725 3726 3727
f 3725 3727 3728
f 3725 3728 3729
f 3725 3729 3730
f 3731 3732 3733
f 3734 3735 3736
f 3734 3736 3737
f 3738 3739 3740
f 3741 3742 3743
f 3744 3745 3746
f 3744 3746 3747
f 3744 3747 3748
f 3749 3750 3751
f 3752 3753 3754
f 3755 3756 3757
f 3758 3759 3760
f 3761 3762 3763
f 3764 3765 3766
f 3764 3766 3767
f 3768 3769 3770
f 3771 3772 3773
f 3771 3773 3774
f 3771 3774 3775
f 3776 3777 3778
f 3776 3778 3779
f 3780 3781 3782
f 3780 3782 3783
f 3784 3785 3786
f 3787 3788 3789
f 3787 3789 3790
f 3791 3792 3793
f 3791 3793 3794
f 3791 3794 3795
f 3796 3797 3798
f 3799 3800 3801
f 3799 3801 3802
f 3803 3804 3805
f 3803 3805 3806
f 3807 3808 3809
f 3807 3809 3810
f 3811 3812 3813
f 3811 3813 3814
f 3815 3816 3817
f 3818 3819 3820
f 3821 3822 3823
f 3824 3825 3826
f 3824 3826 3827
f 3828 3829 3830
f 3828 3830 3831
f 3832 3833 3834
f 3832 3834 3835
f 3836 3837 3838
f 3836 3838 3839
f 3840 3841 3842
f 3840 3842 3843
f 3844 3845 3846
f 3844 3846 3847
f 3848 3849 3850
f 3848 3850 3851
f 3852 3853 3854
f 3852 3854 3855
f 3856 3857 3858
f 3856 3858 3859
f 3860 3861 3862
f 3860 3862 3863
f 3864 3865 3866
f 3864 3866 3867
f 3868 3869 3870
f 3868 3870 3871
f 3872 3873 3874
f 3872 3874 3875
f 3876 3877 3878
f 3876 3878 3879
f 3880 3881 3882
f 3880 3882 3883
f 3884 3885 3886
f 3884 3886 3887
f 3888 3889 3890
f 3888 3890 3891
f 3892 3893 3894
f 3892 3894 3895
f 3896 3897 3898
f 3896 3898 3899
f 3900 3901 3902
f 3900 3902 3903
f 3904 3905 3906
f 3904 3906 3907
f 3908 3909 3910
f 3908 3910 3911
f 3912 3913 3914
f 3912 3914 3915
f 3916 3917 3918
f 3916 3918 3919
f 3920 3921 3922
f 3920 3922 3923
f 3924 3925 3926
f 3924 3926 3927
f 3928 3929 3930
f 3928 3930 3931
f 3932 3933 3934
f 3932 3934 3935
f 3936 3937 3938
f 3936 3938 3939
f 3940 3941 3942
f 3940 3942 3943
f 3944 3945 3946
f 3944 3946 3947
f 3948 3949 3950
f 3948 3950 3951
f 3952 3953 3954
f 3952 3954 3955
f 3956 3957 3958
f 3956 3958 3959
f 3960 3961 3962
f 3960 3962 3963
f 3964 3965 3966
f 3964 3966 3967
f 3968 3969 3970
f 3968 3970 3971
f 3972 3973 3974
f 3972 3974 3975
f 3976 3977 3978
f 3976 3978 3979
f 3980 3981 3982
f 3980 3982 3983
f 3984 3985 3986
f 3984 3986 3987
f 3988 3989 3990
f 3988 3990 3991
f 3992 3993 3994
f 3992 3994 3995
f 3996 3997 3998
f 3996 3998 3999
f 4000 4001 4002
f 4000 4002 4003
f 4004 4005 4006
f 4004 4006 4007
f 4008 4009 4010
f 4008 4010 4011
f 4012 4013 4014
f 4012 4014 4015
f 4016 4017 4018
f 4016 4018 4019
f 4020 4021 4022
f 4020 4022 4023
f 4024 4025 4026
f 4024 4026 4027
f 4028 4029 4030
f 4028 4030 4031
f 4032 4033 4034
f 4032 4034 4035
f 4036 4037 4038
f 4036 4038 4039
f 4040 4041 4042
f 4040 4042 4043
f 4044 4045 4046
f 4044 4046 4047
f 4048 4049 4050
f 4048 4050 4051
f 4052 4053 4054
f 4052 4054 4055
f 4056 4057 4058
f 4056 4058 4059
f 4060 4061 4062
f 4060 4062 4063
f 4064 4065 4066
f 4064 4066 4067
f 4068 4069 4070
f 4068 4070 4071
f 4072 4073 4074
f 4072 4074 4075
f 4076 4077 4078
f 4076 4078 4079
f 4080 4081 4082
f 4080 4082 4083
f 4084 4085 4086
f 4084 4086 4087
f 4088 4089 4090
f 4088 4090 4091
f 4092 4093 4094
f 4092 4094 4095
f 4096 4097 4098
f 4096 4098 4099
f 4100 4101 4102
f 4100 4102 4103
f 4104 4105 4106
f 4104 4106 4107
f 4108 4109 4110
f 4108 4110 4111
f 4112 4113 4114
f 4112 4114 4115
f 4116 4117 4118
f 4116 4118 4119
f 4120 4121 4122
f 4120 4122 4123
f 4124 4125 4126
f 4124 4126 4127
f 4128 4129 4130
f 4128 4130 4131
f 4132 4133 4134
f 4132 4134 4135
f 4136 4137 4138
f 4136 4138 4139
f 4140 4141 4142
f 4140 4142 4143
f 4144 4145 4146
f 4144 4146 4147
f 4148 4149 4150
f 4148 4150 4151
f 4152 4153 4154
f 4152 4154 4155
f 4156 4157 4158
f 4156 4158 4159
f 4160 4161 4162
f 4160 4162 4163
f 4164 4165 4166
f 4164 4166 4167
f 4168 4169 4170
f 4168 4170 4171
f 4172 4173 4174
f 4172 4174 4175
f 4176 4177 4178
f 4176 4178 4179
f 4180 4181 4182
f 4180 4182 4183
f 4184 4185 4186
f 4184 4186 4187
f 4188 4189 4190
f 4188 4190 4191
f 4192 4193 4194
f 4192 4194 4195
f 4196 4197 4198
f 4196 4198 4199
f 4200 4201 4202
f 4200 4202 4203
